Availability,Residence Type,Price(in Crores),Area(sq.ft),Price per sq.ft (â‚¹),Construction Status,Locality,City
3 BHK,Apartment,1.18,2037,5793,Under Construction,Krishnarajapura,Bangalore
2 BHK,Apartment,0.693,1234,5614,Under Construction,Horamavu,Bangalore
2 BHK,Apartment,0.576,1240,4642,Under Construction,Electronic City Phase 1,Bangalore
2 BHK,Apartment,0.433,1110,3900,Ready to move,Sarjapur,Bangalore
4 BHK,Apartment,11.666,5180,22522,Ready to move,Frazer Town,Bangalore
Residential Plot,Residential,0.323,2000,1615,New,Karudabande Hosahalli,Bangalore
Residential Plot,Residential,0.33,1500,2200,New,Anekal City,Bangalore
3 BHK,Apartment,1.335,1641,8133,Under Construction,RR Nagar,Bangalore
2 BHK,Apartment,0.554,957,5787,Ready to move,Begur,Bangalore
Residential Plot,Residential,0.6,1500,3999,New,Devanahalli,Bangalore
3 BHK,Apartment,0.894,2079,4298,Ready to move,Hoskote,Bangalore
4 BHK,Apartment,3.165,2470,12815,Under Construction,Whitefield Hope Farm Junction,Bangalore
Residential Plot,Residential,0.36,1500,2400,New,Bidadi,Bangalore
4 BHK,Apartment,3.41,3067,11118,Ready to move,Hebbal,Bangalore
2 BHK,Apartment,0.525,1072,4894,Under Construction,Devanahalli,Bangalore
3 BHK,Apartment,1.336,1769,7553,Under Construction,Hebbal,Bangalore
Residential Plot,Residential,0.374,1500,2490,New,Anekal City,Bangalore
2 BHK,Apartment,0.558,1240,4500,Under Construction,Volagerekallahalli,Bangalore
3 BHK,Apartment,0.507,1206,4200,Under Construction,Chandapura,Bangalore
3 BHK,Apartment,0.918,1405,6536,Ready to move,Kasavanahalli,Bangalore
3 BHK,Apartment,1.559,1679,9287,Under Construction,Krishnarajapura,Bangalore
4 BHK,Villa,2.23,3054,7301,Under Construction,Sarjapur,Bangalore
3 BHK,Apartment,1.416,1708,8291,Ready to move,Gunjur,Bangalore
3 BHK,Apartment,1.429,1604,8907,Under Construction,Krishnarajapura,Bangalore
3 BHK,Apartment,0.738,1440,5124,Under Construction,Whitefield Hope Farm Junction,Bangalore
3 BHK,Apartment,1.336,1605,8321,Under Construction,Jalahalli,Bangalore
Residential Plot,Residential,0.378,1800,2100,New,Jigani,Bangalore
4 BHK,Villa,4.036,4815,8383,Under Construction,Sarjapur,Bangalore
1 BHK,Apartment,0.315,590,5339,Under Construction,Kengeri,Bangalore
2 BHK,Apartment,0.34,1017,3344,Ready to move,Sarjapur,Bangalore
2 BHK,Apartment,0.42,580,7239,Under Construction,Bagalur,Bangalore
Residential Plot,Residential,0.325,984,3300,New,Doddaballapur,Bangalore
2 BHK,Apartment,0.757,1252,6050,Ready to move,Whitefield Hope Farm Junction,Bangalore
2 BHK,Villa,0.395,800,4937,Under Construction,Anekal City,Bangalore
3 BHK,Apartment,1.19,2045,5819,Under Construction,Krishnarajapura,Bangalore
3 BHK,Apartment,0.925,1695,5458,Under Construction,Horamavu,Bangalore
3 BHK,Apartment,0.668,1445,4623,Under Construction,Electronic City Phase 1,Bangalore
2 BHK,Apartment,0.39,1000,3900,Ready to move,Sarjapur,Bangalore
4 BHK,Apartment,7.682,3633,21144,Ready to move,Frazer Town,Bangalore
Residential Plot,Residential,0.323,2000,1615,New,Karudabande Hosahalli,Bangalore
Residential Plot,Residential,0.528,2400,2200,New,Anekal City,Bangalore
3 BHK,Apartment,1.335,1641,8133,Under Construction,RR Nagar,Bangalore
2 BHK,Apartment,0.568,983,5780,Ready to move,Begur,Bangalore
Residential Plot,Residential,0.6,1500,3999,New,Devanahalli,Bangalore
3 BHK,Apartment,0.894,2079,4298,Ready to move,Hoskote,Bangalore
4 BHK,Apartment,2.453,1895,12944,Under Construction,Whitefield Hope Farm Junction,Bangalore
Residential Plot,Residential,0.623,2400,2594,New,Bidadi,Bangalore
3 BHK,Apartment,3.1,2620,11832,Ready to move,Hebbal,Bangalore
3 BHK,Apartment,1.246,1640,7599,Under Construction,Hebbal,Bangalore
Residential Plot,Residential,0.374,1500,2490,New,Anekal City,Bangalore
2 BHK,Apartment,0.558,1240,4500,Under Construction,Volagerekallahalli,Bangalore
3 BHK,Apartment,0.507,1206,4200,Under Construction,Chandapura,Bangalore
3 BHK,Apartment,0.959,1470,6523,Ready to move,Kasavanahalli,Bangalore
2 BHK,Apartment,1.104,1315,8398,Under Construction,Krishnarajapura,Bangalore
5 BHK,Villa,2.9,3901,7433,Under Construction,Sarjapur,Bangalore
3 BHK,Apartment,1.201,1451,8274,Ready to move,Gunjur,Bangalore
2 BHK,Apartment,0.986,1110,8883,Under Construction,Krishnarajapura,Bangalore
3 BHK,Apartment,0.785,1540,5098,Under Construction,Whitefield Hope Farm Junction,Bangalore
3 BHK,Apartment,1.255,1505,8337,Under Construction,Jalahalli,Bangalore
Residential Plot,Residential,0.376,1791,2100,New,Jigani,Bangalore
4 BHK,Villa,3.278,3727,8796,Under Construction,Sarjapur,Bangalore
2 BHK,Apartment,0.443,805,5497,Under Construction,Kengeri,Bangalore
2 BHK,Apartment,0.34,1017,3344,Ready to move,Sarjapur,Bangalore
2 BHK,Apartment,0.42,580,7239,Under Construction,Bagalur,Bangalore
Residential Plot,Residential,0.325,984,3300,New,Doddaballapur,Bangalore
2 BHK,Apartment,0.715,1181,6050,Ready to move,Whitefield Hope Farm Junction,Bangalore
2 BHK,Villa,0.395,800,4937,Under Construction,Anekal City,Bangalore
3 BHK,Apartment,0.978,1686,5799,Under Construction,Krishnarajapura,Bangalore
2 BHK,Apartment,0.656,1162,5649,Under Construction,Horamavu,Bangalore
2 BHK,Apartment,0.548,1180,4648,Under Construction,Electronic City Phase 1,Bangalore
2 BHK,Apartment,0.41,1050,3900,Ready to move,Sarjapur,Bangalore
4 BHK,Villa,6.026,3708,16250,Ready to move,CV Raman Nagar,Bangalore
Residential Plot,Residential,0.246,1500,1639,New,Karudabande Hosahalli,Bangalore
Residential Plot,Residential,0.264,1200,2200,New,Anekal City,Bangalore
2 BHK,Apartment,1.03,1240,8305,Under Construction,RR Nagar,Bangalore
2 BHK,Apartment,0.613,1065,5754,Ready to move,Begur,Bangalore
Residential Plot,Residential,0.96,2400,3999,New,Devanahalli,Bangalore
3 BHK,Apartment,0.894,2079,4298,Ready to move,Hoskote,Bangalore
4 BHK,Apartment,3.06,2385,12830,Under Construction,Whitefield Hope Farm Junction,Bangalore
Residential Plot,Residential,0.623,2400,2594,New,Bidadi,Bangalore
4 BHK,Apartment,3.6,3165,11374,Ready to move,Hebbal,Bangalore
3 BHK,Apartment,1.199,1573,7625,Under Construction,Hebbal,Bangalore
Residential Plot,Residential,0.299,1200,2490,New,Anekal City,Bangalore
2 BHK,Apartment,0.549,1220,4500,Under Construction,Volagerekallahalli,Bangalore
3 BHK,Apartment,0.507,1206,4200,Under Construction,Chandapura,Bangalore
1 BHK,Apartment,0.473,690,6860,Ready to move,Kasavanahalli,Bangalore
3 BHK,Apartment,1.537,1654,9291,Under Construction,Krishnarajapura,Bangalore
4 BHK,Villa,2.45,3298,7428,Under Construction,Sarjapur,Bangalore
2 BHK,Apartment,1.008,1229,8202,Ready to move,Gunjur,Bangalore
3 BHK,Apartment,1.43,1606,8907,Under Construction,Krishnarajapura,Bangalore
3 BHK,Apartment,0.754,1475,5115,Under Construction,Whitefield Hope Farm Junction,Bangalore
3 BHK,Apartment,1.36,1635,8317,Under Construction,Jalahalli,Bangalore
Residential Plot,Residential,0.348,1656,2100,New,Jigani,Bangalore
4 BHK,Villa,4.062,4534,8959,Under Construction,Sarjapur,Bangalore
3 BHK,Apartment,0.641,1165,5500,Under Construction,Kengeri,Bangalore
2 BHK,Apartment,0.39,1182,3296,Ready to move,Sarjapur,Bangalore
3 BHK,Apartment,0.59,703,8391,Under Construction,Bagalur,Bangalore
Residential Plot,Residential,0.325,984,3300,New,Doddaballapur,Bangalore
2 BHK,Apartment,0.743,1228,6050,Ready to move,Whitefield Hope Farm Junction,Bangalore
2 BHK,Villa,0.395,800,4937,Under Construction,Anekal City,Bangalore
2 BHK,Apartment,0.883,1522,5799,Under Construction,Krishnarajapura,Bangalore
3 BHK,Apartment,1.08,1858,5813,Under Construction,Krishnarajapura,Bangalore
2 BHK,Apartment,0.85,1466,5799,Under Construction,Krishnarajapura,Bangalore
3 BHK,Apartment,0.947,1633,5799,Under Construction,Krishnarajapura,Bangalore
3 BHK,Apartment,0.661,1430,4625,Under Construction,Electronic City Phase 1,Bangalore
2 BHK,Apartment,0.544,1170,4649,Under Construction,Electronic City Phase 1,Bangalore
3 BHK,Apartment,0.72,1560,4615,Under Construction,Electronic City Phase 1,Bangalore
2 BHK,Apartment,0.512,1100,4658,Under Construction,Electronic City Phase 1,Bangalore
3 BHK,Apartment,0.713,1545,4616,Under Construction,Electronic City Phase 1,Bangalore
3 BHK,Apartment,0.686,1485,4621,Under Construction,Electronic City Phase 1,Bangalore
3 BHK,Apartment,0.673,1455,4623,Under Construction,Electronic City Phase 1,Bangalore
2 BHK,Apartment,0.585,1260,4640,Under Construction,Electronic City Phase 1,Bangalore
3 BHK,Apartment,0.738,1600,4613,Under Construction,Electronic City Phase 1,Bangalore
2 BHK,Apartment,0.558,1200,4646,Under Construction,Electronic City Phase 1,Bangalore
2 BHK,Apartment,0.663,1175,5643,Under Construction,Horamavu,Bangalore
2 BHK,Apartment,0.669,1186,5637,Under Construction,Horamavu,Bangalore
2 BHK,Apartment,0.656,1162,5649,Under Construction,Horamavu,Bangalore
3 BHK,Apartment,0.953,1750,5445,Under Construction,Horamavu,Bangalore
3 BHK,Apartment,0.823,1492,5515,Under Construction,Horamavu,Bangalore
3 BHK,Apartment,0.925,1695,5458,Under Construction,Horamavu,Bangalore
2 BHK,Apartment,0.693,1234,5614,Under Construction,Horamavu,Bangalore
2 BHK,Apartment,0.66,1169,5646,Under Construction,Horamavu,Bangalore
3 BHK,Apartment,0.894,1633,5474,Under Construction,Horamavu,Bangalore
3 BHK,Apartment,0.827,1500,5512,Under Construction,Horamavu,Bangalore
3 BHK,Apartment,0.892,1630,5474,Under Construction,Horamavu,Bangalore
2 BHK,Apartment,0.713,1275,5595,Under Construction,Horamavu,Bangalore
2 BHK,Apartment,0.719,1287,5590,Under Construction,Horamavu,Bangalore
2 BHK,Apartment,0.719,1286,5591,Under Construction,Horamavu,Bangalore
3 BHK,Apartment,0.816,1478,5519,Under Construction,Horamavu,Bangalore
2 BHK,Apartment,0.683,1214,5623,Under Construction,Horamavu,Bangalore
3 BHK,Apartment,0.775,1398,5546,Under Construction,Horamavu,Bangalore
2 BHK,Apartment,0.683,1214,5623,Under Construction,Horamavu,Bangalore
2 BHK,Apartment,0.452,1160,3900,Ready to move,Sarjapur,Bangalore
2 BHK,Apartment,0.454,1165,3900,Ready to move,Sarjapur,Bangalore
2 BHK,Apartment,0.421,1080,3900,Ready to move,Sarjapur,Bangalore
1 BHK,Apartment,0.308,790,3900,Ready to move,Sarjapur,Bangalore
1 BHK,Apartment,0.269,690,3900,Ready to move,Sarjapur,Bangalore
3 BHK,Apartment,0.55,1410,3900,Ready to move,Sarjapur,Bangalore
1 BHK,Apartment,0.281,720,3900,Ready to move,Sarjapur,Bangalore
2 BHK,Apartment,0.423,1085,3900,Ready to move,Sarjapur,Bangalore
2 BHK,Apartment,0.448,1150,3900,Ready to move,Sarjapur,Bangalore
2 BHK,Apartment,0.413,1060,3900,Ready to move,Sarjapur,Bangalore
1 BHK,Apartment,0.292,750,3900,Ready to move,Sarjapur,Bangalore
2 BHK,Apartment,0.396,1015,3900,Ready to move,Sarjapur,Bangalore
3 BHK,Apartment,0.544,1395,3900,Ready to move,Sarjapur,Bangalore
3 BHK,Apartment,2.054,1999,10276,Under Construction,Gottigere,Bangalore
3 BHK,Apartment,2.031,1976,10280,Under Construction,Gottigere,Bangalore
3 BHK,Apartment,1.417,1769,8008,Under Construction,Kogilu,Bangalore
3 BHK,Apartment,1.998,1942,10286,Under Construction,Gottigere,Bangalore
2 BHK,Apartment,1.012,1239,8165,Under Construction,Kogilu,Bangalore
3 BHK,Apartment,1.966,1910,10291,Under Construction,Gottigere,Bangalore
3 BHK,Apartment,1.424,1779,8006,Under Construction,Kogilu,Bangalore
3 BHK,Apartment,2.296,2242,10241,Under Construction,Gottigere,Bangalore
2 BHK,Apartment,1.028,1261,8155,Under Construction,Kogilu,Bangalore
3 BHK,Apartment,1.361,1704,7988,Ready to move,Nagarbhavi,Bangalore
3 BHK,Apartment,2.304,2250,10240,Under Construction,Gottigere,Bangalore
3 BHK,Apartment,1.428,1784,8005,Under Construction,Kogilu,Bangalore
2 BHK,Apartment,0.856,1046,8186,Ready to move,Nagarbhavi,Bangalore
1 BHK,Apartment,0.412,542,7606,Under Construction,Budigere Cross,Bangalore
3 BHK,Apartment,1.176,1454,8088,Under Construction,Kogilu,Bangalore
3 BHK,Apartment,2.263,2209,10246,Under Construction,Gottigere,Bangalore
3 BHK,Apartment,1.067,1404,7602,Ready to move,Budigere Cross,Bangalore
3 BHK,Apartment,0.964,1186,8125,Ready to move,Nagarbhavi,Bangalore
3 BHK,Apartment,0.764,957,7986,Under Construction,Budigere Cross,Bangalore
3 BHK,Apartment,1.405,1754,8012,Under Construction,Kogilu,Bangalore
2 BHK,Apartment,0.718,894,8032,Under Construction,Budigere Cross,Bangalore
3 BHK,Apartment,1.181,1461,8085,Under Construction,Kogilu,Bangalore
3 BHK,Apartment,1.197,1490,8033,Ready to move,Nagarbhavi,Bangalore
2 BHK,Apartment,0.684,848,8070,Under Construction,Budigere Cross,Bangalore
4 BHK,Apartment,4.096,2800,14628,Ready to move,Bommanahalli,Bangalore
2 BHK,Apartment,0.708,880,8043,Under Construction,Budigere Cross,Bangalore
2 BHK,Apartment,1.009,1235,8166,Under Construction,Kogilu,Bangalore
3 BHK,Apartment,0.823,1273,6466,Ready to move,Devanahalli,Bangalore
3 BHK,Apartment,0.829,1282,6463,Ready to move,Devanahalli,Bangalore
2 BHK,Apartment,0.662,1009,6561,Ready to move,Devanahalli,Bangalore
2 BHK,Apartment,0.655,997,6568,Ready to move,Devanahalli,Bangalore
3 BHK,Apartment,0.96,1498,6410,Ready to move,Devanahalli,Bangalore
3 BHK,Apartment,0.941,1466,6418,Ready to move,Devanahalli,Bangalore
2 BHK,Apartment,0.394,785,5024,Under Construction,Bidadi,Bangalore
2 BHK,Apartment,0.482,878,5492,Under Construction,Bidadi,Bangalore
3 BHK,Apartment,0.54,994,5432,Under Construction,Bidadi,Bangalore
Residential Plot,Residential,0.246,1500,1639,New,Karudabande Hosahalli,Bangalore
Residential Plot,Residential,0.384,2400,1602,New,Karudabande Hosahalli,Bangalore
Residential Plot,Residential,0.384,2400,1602,New,Karudabande Hosahalli,Bangalore
Residential Plot,Residential,0.2,1200,1664,New,Karudabande Hosahalli,Bangalore
Residential Plot,Residential,0.2,1200,1664,New,Karudabande Hosahalli,Bangalore
2 BHK,Apartment,0.96,1148,8361,Under Construction,RR Nagar,Bangalore
2 BHK,Apartment,1.03,1240,8305,Under Construction,RR Nagar,Bangalore
3 BHK,Apartment,1.343,1652,8130,Under Construction,RR Nagar,Bangalore
2 BHK,Apartment,0.96,1148,8361,Under Construction,RR Nagar,Bangalore
3 BHK,Apartment,1.343,1652,8130,Under Construction,RR Nagar,Bangalore
Residential Plot,Residential,2.497,3875,6443,New,Devanahalli,Bangalore
Residential Plot,Residential,3.965,6200,6395,New,Devanahalli,Bangalore
2 BHK,Apartment,0.565,979,5775,Ready to move,Begur,Bangalore
Residential Plot,Residential,0.96,2400,3999,New,Devanahalli,Bangalore
Residential Plot,Residential,0.48,1200,3999,New,Devanahalli,Bangalore
Residential Plot,Residential,0.48,1200,3999,New,Devanahalli,Bangalore
3 BHK,Apartment,0.894,2079,4298,Ready to move,Hoskote,Bangalore
3 BHK,Apartment,0.864,2008,4305,Ready to move,Hoskote,Bangalore
3 BHK,Apartment,0.864,2008,4305,Ready to move,Hoskote,Bangalore
3 BHK,Apartment,0.917,2136,4293,Ready to move,Hoskote,Bangalore
3 BHK,Apartment,0.917,2136,4293,Ready to move,Hoskote,Bangalore
3 BHK,Apartment,2.106,1615,13040,Under Construction,Whitefield Hope Farm Junction,Bangalore
3 BHK,Apartment,2.146,1720,12475,Under Construction,Whitefield Hope Farm Junction,Bangalore
4 BHK,Apartment,2.508,1970,12733,Under Construction,Whitefield Hope Farm Junction,Bangalore
4 BHK,Apartment,3.4,2615,13001,Under Construction,Whitefield Hope Farm Junction,Bangalore
3 BHK,Apartment,2.157,1730,12471,Under Construction,Whitefield Hope Farm Junction,Bangalore
4 BHK,Apartment,2.82,2402,11740,Under Construction,HSR Layout,Bangalore
4 BHK,Apartment,2.82,2402,11740,Under Construction,HSR Layout,Bangalore
4 BHK,Apartment,2.89,2443,11829,Under Construction,HSR Layout,Bangalore
4 BHK,Apartment,2.89,2443,11829,Under Construction,HSR Layout,Bangalore
3 BHK,Apartment,2.45,2043,11992,Under Construction,HSR Layout,Bangalore
3 BHK,Apartment,2.45,2043,11992,Under Construction,HSR Layout,Bangalore
3 BHK,Apartment,1.99,1690,11775,Under Construction,HSR Layout,Bangalore
3 BHK,Apartment,1.99,1690,11775,Under Construction,HSR Layout,Bangalore
Residential Plot,Residential,0.288,1200,2400,New,Bidadi,Bangalore
Residential Plot,Residential,0.36,1500,2400,New,Bidadi,Bangalore
Residential Plot,Residential,0.288,1200,2400,New,Bidadi,Bangalore
3 BHK,Apartment,0.842,1503,5600,Under Construction,Varthur,Bangalore
3 BHK,Apartment,0.768,1371,5600,Under Construction,Varthur,Bangalore
2 BHK,Apartment,0.561,1001,5600,Under Construction,Varthur,Bangalore
3 BHK,Apartment,0.77,1375,5600,Under Construction,Varthur,Bangalore
2 BHK,Apartment,0.563,1006,5600,Under Construction,Varthur,Bangalore
2 BHK,Apartment,0.626,1118,5600,Under Construction,Varthur,Bangalore
3 BHK,Apartment,0.848,1515,5600,Under Construction,Varthur,Bangalore
3 BHK,Apartment,0.774,1383,5600,Under Construction,Varthur,Bangalore
2 BHK,Apartment,0.613,1094,5600,Under Construction,Varthur,Bangalore
3 BHK,Apartment,0.834,1490,5600,Under Construction,Varthur,Bangalore
2 BHK,Apartment,0.604,1078,5600,Under Construction,Varthur,Bangalore
2 BHK,Apartment,0.603,1077,5600,Under Construction,Varthur,Bangalore
2 BHK,Apartment,0.55,983,5600,Under Construction,Varthur,Bangalore
2 BHK,Apartment,0.553,988,5600,Under Construction,Varthur,Bangalore
3 BHK,Apartment,0.815,1456,5600,Under Construction,Varthur,Bangalore
3 BHK,Apartment,0.817,1459,5600,Under Construction,Varthur,Bangalore
2 BHK,Apartment,0.547,976,5600,Under Construction,Varthur,Bangalore
3 BHK,Apartment,0.746,1333,5600,Under Construction,Varthur,Bangalore
2 BHK,Apartment,0.584,1043,5600,Under Construction,Varthur,Bangalore
2 BHK,Apartment,0.587,1048,5600,Under Construction,Varthur,Bangalore
2 BHK,Apartment,0.577,1030,5600,Under Construction,Varthur,Bangalore
3 BHK,Apartment,0.801,1430,5600,Under Construction,Varthur,Bangalore
3 BHK,Apartment,0.8,1429,5600,Under Construction,Varthur,Bangalore
2 BHK,Apartment,0.58,1035,5600,Under Construction,Varthur,Bangalore
2 BHK,Apartment,0.578,1033,5600,Under Construction,Varthur,Bangalore
2 BHK,Apartment,0.569,1016,5600,Under Construction,Varthur,Bangalore
3 BHK,Apartment,0.778,1390,5600,Under Construction,Varthur,Bangalore
3 BHK,Apartment,0.781,1394,5600,Under Construction,Varthur,Bangalore
3 BHK,Apartment,0.78,1392,5600,Under Construction,Varthur,Bangalore
4 BHK,Apartment,2.156,2135,10099,Under Construction,Whitefield Hope Farm Junction,Bangalore
4 BHK,Apartment,2.156,2135,10099,Under Construction,Whitefield Hope Farm Junction,Bangalore
3 BHK,Apartment,1.941,1870,10378,Under Construction,Whitefield Hope Farm Junction,Bangalore
3 BHK,Apartment,1.941,1870,10378,Under Construction,Whitefield Hope Farm Junction,Bangalore
4 BHK,Apartment,2.604,2580,10093,Under Construction,Whitefield Hope Farm Junction,Bangalore
4 BHK,Apartment,2.604,2580,10093,Under Construction,Whitefield Hope Farm Junction,Bangalore
3 BHK,Apartment,2.005,1920,10443,Under Construction,Whitefield Hope Farm Junction,Bangalore
3 BHK,Apartment,2.005,1920,10443,Under Construction,Whitefield Hope Farm Junction,Bangalore
3 BHK,Apartment,1.641,1655,9914,Under Construction,Whitefield Hope Farm Junction,Bangalore
3 BHK,Apartment,1.641,1655,9914,Under Construction,Whitefield Hope Farm Junction,Bangalore
4 BHK,Apartment,5.55,5260,10551,Ready to move,Hebbal,Bangalore
4 BHK,Apartment,5.3,4865,10894,Ready to move,Hebbal,Bangalore
4 BHK,Apartment,4.4,3880,11340,Ready to move,Hebbal,Bangalore
3 BHK,Apartment,3.0,2526,11876,Ready to move,Hebbal,Bangalore
4 BHK,Apartment,3.65,3210,11370,Ready to move,Hebbal,Bangalore
4 BHK,Apartment,4.21,3800,11078,Ready to move,Hebbal,Bangalore
4 BHK,Apartment,3.69,3335,11064,Ready to move,Hebbal,Bangalore
4 BHK,Apartment,1.531,2275,6731,Under Construction,Bettadasanapura,Bangalore
4 BHK,Apartment,1.531,2275,6731,Under Construction,Bettadasanapura,Bangalore
4 BHK,Apartment,1.531,2275,6731,Under Construction,Bettadasanapura,Bangalore
4 BHK,Apartment,1.531,2275,6731,Under Construction,Bettadasanapura,Bangalore
3 BHK,Apartment,1.016,1505,6749,Under Construction,Bettadasanapura,Bangalore
3 BHK,Apartment,1.016,1505,6749,Under Construction,Bettadasanapura,Bangalore
4 BHK,Apartment,1.525,2265,6732,Under Construction,Bettadasanapura,Bangalore
4 BHK,Apartment,1.525,2265,6732,Under Construction,Bettadasanapura,Bangalore
3 BHK,Apartment,1.153,1715,6724,Under Construction,Bettadasanapura,Bangalore
3 BHK,Apartment,1.153,1715,6724,Under Construction,Bettadasanapura,Bangalore
3 BHK,Apartment,1.041,1555,6692,Under Construction,Bettadasanapura,Bangalore
3 BHK,Apartment,1.041,1555,6692,Under Construction,Bettadasanapura,Bangalore
2 BHK,Apartment,0.888,1320,6727,Under Construction,Bettadasanapura,Bangalore
2 BHK,Apartment,0.888,1320,6727,Under Construction,Bettadasanapura,Bangalore
2 BHK,Apartment,0.747,1095,6823,Under Construction,Bettadasanapura,Bangalore
2 BHK,Apartment,0.747,1095,6823,Under Construction,Bettadasanapura,Bangalore
3 BHK,Apartment,2.05,786,26082,Under Construction,Borivali West,Mumbai
2 BHK,Apartment,1.189,553,21500,Under Construction,Dahisar,Mumbai
1 BHK,Apartment,0.196,423,4640,Under Construction,Boisar,Mumbai
2 BHK,Apartment,0.508,1016,5000,Ready to move,Panvel,Mumbai
2 BHK,Apartment,0.497,641,7756,Under Construction,Dombivali,Mumbai
1 BHK,Apartment,0.435,426,10211,Under Construction,Vasai,Mumbai
1 BHK,Apartment,0.22,249,8835,Under Construction,Badlapur West,Mumbai
3 BHK,Apartment,4.4,1100,40000,Under Construction,Andheri West,Mumbai
1 BHK,Apartment,0.185,330,5603,Under Construction,Rasayani,Mumbai
2 BHK,Apartment,1.45,567,25573,Ready to move,Borivali East,Mumbai
2 BHK,Apartment,0.593,658,9015,Under Construction,Kalyan West,Mumbai
3 BHK,Apartment,0.739,685,10795,Ready to move,Virar,Mumbai
1 BHK,Apartment,0.82,429,19114,Under Construction,Thane West,Mumbai
2 BHK,Apartment,1.373,572,24000,Under Construction,Mulund West,Mumbai
2 BHK,Apartment,0.78,740,10540,Under Construction,Nilje Gaon,Mumbai
2 BHK,Apartment,1.45,604,24000,Under Construction,Jogeshwari East,Mumbai
1 BHK,Apartment,0.28,386,7243,Ready to move,Taloja,Mumbai
3 BHK,Apartment,3.193,1076,29677,Under Construction,Andheri East,Mumbai
1 BHK,Apartment,1.39,450,30888,Under Construction,Powai,Mumbai
1 BHK,Apartment,0.58,720,8055,Ready to move,Ulwe,Mumbai
2 BHK,Apartment,0.242,528,4581,Ready to move,Karjat,Mumbai
2 BHK,Apartment,0.6,876,6848,Under Construction,Panvel,Mumbai
3 BHK,Apartment,2.89,778,37146,Under Construction,Santacruz East,Mumbai
2 BHK,Apartment,0.941,659,14280,Under Construction,Mira Road East,Mumbai
5 BHK,Villa,1.99,2921,6813,Under Construction,Boisar,Mumbai
2 BHK,Apartment,1.75,700,25000,Under Construction,Mulund West,Mumbai
1 BHK,Apartment,0.77,275,28000,Ready to move,Andheri West,Mumbai
2 BHK,Apartment,1.7,592,28716,Under Construction,Malad East,Mumbai
2 BHK,Apartment,1.724,672,25650,Under Construction,Saki Naka,Mumbai
2 BHK,Apartment,2.204,648,34005,Under Construction,Santacruz East,Mumbai
2 BHK,Apartment,0.37,592,6248,Under Construction,Badlapur East,Mumbai
1 BHK,Apartment,0.23,560,4105,Under Construction,Khopoli,Mumbai
1 BHK,Apartment,1.077,359,30000,Under Construction,Andheri West,Mumbai
2 BHK,Apartment,1.27,512,24804,Under Construction,Kurla,Mumbai
2 BHK,Apartment,1.24,515,24077,Under Construction,Thane West,Mumbai
2 BHK,Apartment,2.26,685,32992,Under Construction,Andheri West,Mumbai
1 BHK,Apartment,0.43,396,10856,Under Construction,Thane West,Mumbai
3 BHK,Apartment,2.26,837,27000,Under Construction,Goregaon East,Mumbai
1 BHK,Apartment,0.245,358,6846,Under Construction,Badlapur West,Mumbai
2 BHK,Apartment,1.46,639,22848,Under Construction,Malad West,Mumbai
2 BHK,Apartment,1.295,563,23000,Ready to move,Kurla,Mumbai
2 BHK,Apartment,2.26,868,26037,Under Construction,Borivali West,Mumbai
1 BHK,Apartment,0.933,434,21500,Under Construction,Dahisar,Mumbai
2 BHK,Apartment,0.514,643,8000,Under Construction,Vasai,Mumbai
1 RK ,Apartment,0.214,427,5000,Ready to move,Panvel,Mumbai
1 BHK,Apartment,0.392,464,8440,Under Construction,Dombivali,Mumbai
2 BHK,Apartment,0.6,543,11050,Under Construction,Vasai,Mumbai
1 BHK,Apartment,0.22,249,8835,Under Construction,Badlapur West,Mumbai
2 BHK,Apartment,3.12,780,40000,Under Construction,Andheri West,Mumbai
2 BHK,Apartment,0.42,765,5490,Under Construction,Rasayani,Mumbai
1 BHK,Apartment,0.436,476,9170,Under Construction,Kalyan West,Mumbai
2 BHK,Apartment,0.499,509,9813,Ready to move,Virar,Mumbai
2 BHK,Apartment,1.24,636,19496,Under Construction,Thane West,Mumbai
2 BHK,Apartment,1.373,572,24000,Under Construction,Mulund West,Mumbai
1 BHK,Apartment,0.4,380,10526,Under Construction,Nilje Gaon,Mumbai
2 BHK,Apartment,1.409,587,24000,Under Construction,Jogeshwari East,Mumbai
2 BHK,Apartment,0.444,614,7237,Ready to move,Taloja,Mumbai
3 BHK,Apartment,3.193,1076,29677,Under Construction,Andheri East,Mumbai
1 BHK,Apartment,1.39,450,30888,Under Construction,Powai,Mumbai
2 BHK,Apartment,0.9,1105,8144,Ready to move,Ulwe,Mumbai
2 BHK,Apartment,0.242,528,4581,Ready to move,Karjat,Mumbai
2 BHK,Apartment,1.813,579,31314,Under Construction,Santacruz East,Mumbai
1 BHK,Apartment,0.696,473,14725,Under Construction,Mira Road East,Mumbai
3 BHK,Villa,1.49,2187,6813,Under Construction,Boisar,Mumbai
2 BHK,Apartment,1.81,724,25000,Under Construction,Mulund West,Mumbai
1 BHK,Apartment,1.48,503,29423,Ready to move,Andheri West,Mumbai
2 BHK,Apartment,1.75,613,28548,Under Construction,Malad East,Mumbai
1 BHK,Apartment,1.308,510,25650,Under Construction,Saki Naka,Mumbai
2 BHK,Apartment,2.404,707,34000,Under Construction,Santacruz East,Mumbai
1 BHK,Apartment,0.28,451,6206,Under Construction,Badlapur East,Mumbai
1 BHK,Apartment,0.238,590,4034,Under Construction,Khopoli,Mumbai
3 BHK,Apartment,2.475,825,30000,Under Construction,Andheri West,Mumbai
2 BHK,Apartment,1.35,535,25233,Under Construction,Kurla,Mumbai
2 BHK,Apartment,1.42,555,25585,Under Construction,Thane West,Mumbai
3 BHK,Apartment,4.08,1236,33009,Under Construction,Andheri West,Mumbai
2 BHK,Apartment,1.031,672,15335,Ready to move,Thane West,Mumbai
2 BHK,Apartment,1.642,608,27000,Under Construction,Goregaon East,Mumbai
2 BHK,Apartment,1.7,702,24216,Under Construction,Malad West,Mumbai
2 BHK,Apartment,1.64,630,26032,Under Construction,Borivali West,Mumbai
1 BHK,Apartment,0.843,392,21500,Under Construction,Dahisar,Mumbai
Residential Plot,Residential,0.05,1000,500,Resale,kasaradavali thane west,Mumbai
2 BHK,Apartment,1.813,579,31314,Under Construction,Santacruz East,Mumbai
1 BHK,Apartment,0.696,473,14725,Under Construction,Mira Road East,Mumbai
3 BHK,Apartment,1.38,946,14587,Under Construction,Mira Road East,Mumbai
3 BHK,Apartment,1.38,946,14587,Under Construction,Mira Road East,Mumbai
2 BHK,Apartment,0.95,667,14241,Under Construction,Mira Road East,Mumbai
2 BHK,Apartment,0.95,667,14241,Under Construction,Mira Road East,Mumbai
2 BHK,Apartment,0.971,682,14243,Under Construction,Mira Road East,Mumbai
2 BHK,Apartment,0.971,682,14243,Under Construction,Mira Road East,Mumbai
3 BHK,Villa,1.49,2187,6813,Under Construction,Boisar,Mumbai
1 BHK,Apartment,1.33,477,27882,Ready to move,Andheri West,Mumbai
1 BHK,Apartment,0.905,307,29478,Ready to move,Andheri West,Mumbai
1 BHK,Apartment,1.17,405,28888,Under Construction,Malad East,Mumbai
1 BHK,Apartment,1.308,510,25650,Under Construction,Saki Naka,Mumbai
2 BHK,Apartment,1.672,652,25650,Under Construction,Saki Naka,Mumbai
2 BHK,Apartment,1.672,652,25650,Under Construction,Saki Naka,Mumbai
3 BHK,Apartment,2.237,872,25650,Under Construction,Saki Naka,Mumbai
3 BHK,Apartment,2.237,872,25650,Under Construction,Saki Naka,Mumbai
1 BHK,Apartment,1.377,537,25650,Under Construction,Saki Naka,Mumbai
1 BHK,Apartment,1.377,537,25650,Under Construction,Saki Naka,Mumbai
3 BHK,Apartment,2.37,924,25650,Under Construction,Saki Naka,Mumbai
3 BHK,Apartment,2.37,924,25650,Under Construction,Saki Naka,Mumbai
2 BHK,Apartment,1.688,658,25650,Under Construction,Saki Naka,Mumbai
2 BHK,Apartment,1.688,658,25650,Under Construction,Saki Naka,Mumbai
1 BHK,Apartment,1.18,460,25650,Under Construction,Saki Naka,Mumbai
1 BHK,Apartment,1.18,460,25650,Under Construction,Saki Naka,Mumbai
3 BHK,Apartment,2.155,840,25650,Under Construction,Saki Naka,Mumbai
3 BHK,Apartment,2.155,840,25650,Under Construction,Saki Naka,Mumbai
3 BHK,Apartment,2.38,928,25650,Under Construction,Saki Naka,Mumbai
3 BHK,Apartment,2.38,928,25650,Under Construction,Saki Naka,Mumbai
2 BHK,Apartment,1.67,651,25650,Under Construction,Saki Naka,Mumbai
2 BHK,Apartment,1.67,651,25650,Under Construction,Saki Naka,Mumbai
2 BHK,Apartment,2.312,680,34000,Under Construction,Santacruz East,Mumbai
2 BHK,Apartment,2.455,722,34000,Under Construction,Santacruz East,Mumbai
2 BHK,Apartment,2.455,722,34000,Under Construction,Santacruz East,Mumbai
3 BHK,Apartment,3.322,977,34000,Under Construction,Santacruz East,Mumbai
3 BHK,Apartment,3.322,977,34000,Under Construction,Santacruz East,Mumbai
2 BHK,Apartment,2.965,872,34000,Under Construction,Santacruz East,Mumbai
2 BHK,Apartment,2.965,872,34000,Under Construction,Santacruz East,Mumbai
2 BHK,Apartment,2.434,716,34000,Under Construction,Santacruz East,Mumbai
2 BHK,Apartment,2.434,716,34000,Under Construction,Santacruz East,Mumbai
2 BHK,Apartment,2.417,710,34047,Under Construction,Santacruz East,Mumbai
2 BHK,Apartment,2.417,710,34047,Under Construction,Santacruz East,Mumbai
2 BHK,Apartment,3.057,899,34000,Under Construction,Santacruz East,Mumbai
2 BHK,Apartment,3.057,899,34000,Under Construction,Santacruz East,Mumbai
3 BHK,Apartment,3.414,1004,34000,Under Construction,Santacruz East,Mumbai
3 BHK,Apartment,3.414,1004,34000,Under Construction,Santacruz East,Mumbai
1 BHK,Apartment,0.25,405,6170,Under Construction,Badlapur East,Mumbai
1 BHK,Apartment,0.26,421,6173,Under Construction,Badlapur East,Mumbai
2 BHK,Apartment,0.364,583,6236,Under Construction,Badlapur East,Mumbai
1 BHK,Apartment,0.282,455,6208,Under Construction,Badlapur East,Mumbai
1 BHK,Apartment,1.58,569,27768,Ready to move,Andheri West,Mumbai
2 BHK,Apartment,1.384,461,30022,Under Construction,Andheri West,Mumbai
1 BHK,Apartment,1.101,367,30013,Under Construction,Andheri West,Mumbai
3 BHK,Apartment,3.255,1085,30000,Under Construction,Andheri West,Mumbai
1 BHK,Apartment,0.48,247,19429,Under Construction,Bhandup West,Mumbai
1 BHK,Apartment,0.69,338,20411,Under Construction,Bhandup West,Mumbai
1 BHK,Apartment,0.5,273,18311,Under Construction,Bhandup West,Mumbai
1 BHK,Apartment,0.73,380,19207,Under Construction,Bhandup West,Mumbai
2 BHK,Apartment,0.91,481,18916,Under Construction,Bhandup West,Mumbai
2 BHK,Apartment,1.58,644,24534,Under Construction,Thane West,Mumbai
2 BHK,Apartment,1.24,515,24077,Under Construction,Thane West,Mumbai
2 BHK,Apartment,1.58,644,24534,Under Construction,Thane West,Mumbai
2 BHK,Apartment,1.65,635,25984,Under Construction,Thane West,Mumbai
2 BHK,Apartment,1.65,635,25984,Under Construction,Thane West,Mumbai
2 BHK,Apartment,0.43,1025,4195,Under Construction,Khopoli,Mumbai
1 BHK,Apartment,0.261,645,4050,Under Construction,Khopoli,Mumbai
2 BHK,Apartment,0.403,995,4049,Under Construction,Khopoli,Mumbai
2 BHK,Apartment,0.356,880,4050,Under Construction,Khopoli,Mumbai
3 BHK,Apartment,4.08,1236,33009,Under Construction,Andheri West,Mumbai
2 BHK,Apartment,1.474,546,27000,Under Construction,Goregaon East,Mumbai
2 BHK,Apartment,1.617,599,27000,Under Construction,Goregaon East,Mumbai
2 BHK,Apartment,1.571,582,27000,Under Construction,Goregaon East,Mumbai
2 BHK,Apartment,1.7,702,24216,Under Construction,Malad West,Mumbai
2 BHK,Apartment,1.46,639,22848,Under Construction,Malad West,Mumbai
2 BHK,Apartment,1.46,639,22848,Under Construction,Malad West,Mumbai
2 BHK,Apartment,1.7,702,24216,Under Construction,Malad West,Mumbai
2 BHK,Apartment,1.7,702,24216,Under Construction,Malad West,Mumbai
2 BHK,Apartment,1.53,669,22869,Under Construction,Malad West,Mumbai
2 BHK,Apartment,1.53,669,22869,Under Construction,Malad West,Mumbai
2 BHK,Apartment,1.58,692,22832,Under Construction,Malad West,Mumbai
2 BHK,Apartment,1.58,692,22832,Under Construction,Malad West,Mumbai
2 BHK,Apartment,1.54,642,23987,Under Construction,Malad West,Mumbai
2 BHK,Apartment,1.54,642,23987,Under Construction,Malad West,Mumbai
2 BHK,Apartment,1.29,591,21827,Under Construction,Malad West,Mumbai
2 BHK,Apartment,1.29,591,21827,Under Construction,Malad West,Mumbai
2 BHK,Apartment,1.39,640,21718,Under Construction,Malad West,Mumbai
2 BHK,Apartment,1.39,640,21718,Under Construction,Malad West,Mumbai
2 BHK,Apartment,1.38,634,21766,Under Construction,Malad West,Mumbai
2 BHK,Apartment,1.38,634,21766,Under Construction,Malad West,Mumbai
2 BHK,Apartment,1.59,698,22779,Under Construction,Malad West,Mumbai
2 BHK,Apartment,1.59,698,22779,Under Construction,Malad West,Mumbai
2 BHK,Apartment,1.34,615,21788,Under Construction,Malad West,Mumbai
2 BHK,Apartment,1.34,615,21788,Under Construction,Malad West,Mumbai
1 BHK,Apartment,0.924,430,21500,Under Construction,Dahisar,Mumbai
1 BHK,Apartment,0.785,365,21500,Under Construction,Dahisar,Mumbai
2 BHK,Apartment,0.292,629,4640,Under Construction,Boisar,Mumbai
1 BHK,Apartment,0.416,520,8000,Under Construction,Vasai,Mumbai
1 BHK,Apartment,0.228,618,3686,Under Construction,Boisar,Mumbai
1 RK ,Apartment,0.098,211,4640,Under Construction,Boisar,Mumbai
2 BHK,Apartment,0.514,643,8000,Under Construction,Vasai,Mumbai
1 BHK,Apartment,0.416,520,8000,Under Construction,Vasai,Mumbai
2 BHK,Apartment,0.256,551,4640,Under Construction,Boisar,Mumbai
1 BHK,Apartment,0.169,365,4640,Under Construction,Boisar,Mumbai
1 BHK,Apartment,0.334,417,8000,Under Construction,Vasai,Mumbai
1 BHK,Apartment,0.368,460,8000,Under Construction,Vasai,Mumbai
1 RK ,Apartment,0.105,227,4640,Under Construction,Boisar,Mumbai
2 BHK,Apartment,0.512,640,8000,Under Construction,Vasai,Mumbai
2 BHK,Apartment,0.301,747,4031,Under Construction,Boisar,Mumbai
1 BHK,Apartment,0.37,463,8000,Under Construction,Vasai,Mumbai
2 BHK,Apartment,3.85,770,50000,Under Construction,Santacruz West,Mumbai
2 BHK,Apartment,3.85,770,50000,Under Construction,Santacruz West,Mumbai
3 BHK,Apartment,5.725,1145,50000,Under Construction,Santacruz West,Mumbai
3 BHK,Apartment,5.725,1145,50000,Under Construction,Santacruz West,Mumbai
3 BHK,Apartment,5.65,1130,50000,Under Construction,Santacruz West,Mumbai
3 BHK,Apartment,5.65,1130,50000,Under Construction,Santacruz West,Mumbai
2 BHK,Apartment,3.8,760,50000,Under Construction,Santacruz West,Mumbai
2 BHK,Apartment,3.8,760,50000,Under Construction,Santacruz West,Mumbai
3 BHK,Apartment,5.5,1100,50000,Under Construction,Santacruz West,Mumbai
3 BHK,Apartment,5.5,1100,50000,Under Construction,Santacruz West,Mumbai
2 BHK,Apartment,4.075,815,50000,Under Construction,Santacruz West,Mumbai
2 BHK,Apartment,4.075,815,50000,Under Construction,Santacruz West,Mumbai
2 BHK,Apartment,3.9,780,50000,Under Construction,Santacruz West,Mumbai
2 BHK,Apartment,3.9,780,50000,Under Construction,Santacruz West,Mumbai
1 BHK,Apartment,0.41,821,5000,Ready to move,Panvel,Mumbai
1 BHK,Apartment,0.317,634,5000,Ready to move,Panvel,Mumbai
2 BHK,Apartment,0.449,898,5000,Ready to move,Panvel,Mumbai
1 RK ,Apartment,0.244,487,5000,Ready to move,Panvel,Mumbai
1 BHK,Apartment,0.38,375,10133,Under Construction,Vasai,Mumbai
1 BHK,Apartment,0.435,426,10211,Under Construction,Vasai,Mumbai
1 BHK,Apartment,0.435,426,10211,Under Construction,Vasai,Mumbai
2 BHK,Apartment,0.6,543,11050,Under Construction,Vasai,Mumbai
2 BHK,Apartment,0.6,543,11050,Under Construction,Vasai,Mumbai
1 BHK,Apartment,0.38,375,10133,Under Construction,Vasai,Mumbai
1 BHK,Apartment,0.38,375,10133,Under Construction,Vasai,Mumbai
1 BHK,Apartment,0.65,400,16250,Under Construction,Vikroli East,Mumbai
2 BHK,Apartment,1.25,581,21514,Under Construction,Ghatkopar East,Mumbai
2 BHK,Apartment,1.2,956,12552,Ready to move,Mira Road East,Mumbai
2 BHK,Apartment,1.11,889,12485,Ready to move,Mira Road East,Mumbai
2 BHK,Apartment,1.05,785,13375,Ready to move,Mira Road East,Mumbai
1 BHK,Apartment,0.32,400,8000,Under Construction,Kalyan East,Mumbai
1 BHK,Villa,0.185,410,4512,Ready to move,Neral,Mumbai
1 BHK,Apartment,0.32,175,18280,Under Construction,Bhandup West,Mumbai
1 BHK,Apartment,0.22,249,8835,Under Construction,Badlapur West,Mumbai
1 BHK,Apartment,0.22,249,8835,Under Construction,Badlapur West,Mumbai
2 BHK,Apartment,0.36,520,6923,Under Construction,Badlapur West,Mumbai
2 BHK,Apartment,0.36,520,6923,Under Construction,Badlapur West,Mumbai
1 BHK,Apartment,0.25,368,6793,Under Construction,Badlapur West,Mumbai
1 BHK,Apartment,0.25,368,6793,Under Construction,Badlapur West,Mumbai
2 BHK,Apartment,0.323,485,6670,Under Construction,Badlapur West,Mumbai
2 BHK,Apartment,0.323,485,6670,Under Construction,Badlapur West,Mumbai
3 BHK,Apartment,4.4,1100,40000,Under Construction,Andheri West,Mumbai
2 BHK,Apartment,3.12,780,40000,Under Construction,Andheri West,Mumbai
1 BHK,Apartment,0.45,685,6569,Ready to move,Kalyan West,Mumbai
2 BHK,Apartment,1.916,602,31834,Under Construction,Santacruz East,Mumbai
3 BHK,Apartment,0.789,788,10019,Ready to move,Virar,Mumbai
1 BHK,Apartment,0.36,396,9088,Ready to move,Virar,Mumbai
2 BHK,Apartment,0.489,483,10134,Ready to move,Virar,Mumbai
1 BHK,Apartment,0.35,352,9940,Ready to move,Virar,Mumbai
2 BHK,Apartment,0.509,499,10210,Ready to move,Virar,Mumbai
1 BHK,Apartment,0.367,398,9218,Ready to move,Virar,Mumbai
2 BHK,Apartment,0.339,930,3645,Under Construction,Kalyan West,Mumbai
2 BHK,Apartment,1.23,629,19554,Under Construction,Thane West,Mumbai
1 BHK,Apartment,0.82,429,19114,Under Construction,Thane West,Mumbai
1 BHK,Apartment,0.82,429,19114,Under Construction,Thane West,Mumbai
2 BHK,Apartment,1.24,636,19496,Under Construction,Thane West,Mumbai
2 BHK,Apartment,1.24,636,19496,Under Construction,Thane West,Mumbai
2 BHK,Apartment,1.23,629,19554,Under Construction,Thane West,Mumbai
2 BHK,Apartment,1.23,629,19554,Under Construction,Thane West,Mumbai
1 BHK,Apartment,0.36,425,8470,Under Construction,Dombivali,Mumbai
1 BHK,Apartment,0.36,425,8470,Under Construction,Dombivali,Mumbai
2 BHK,Apartment,0.56,651,8602,Under Construction,Dombivali,Mumbai
2 BHK,Apartment,0.56,651,8602,Under Construction,Dombivali,Mumbai
1 BHK,Apartment,0.36,425,8470,Under Construction,Dombivali,Mumbai
1 BHK,Apartment,0.36,425,8470,Under Construction,Dombivali,Mumbai
2 BHK,Apartment,0.56,651,8602,Under Construction,Dombivali,Mumbai
2 BHK,Apartment,0.56,651,8602,Under Construction,Dombivali,Mumbai
1 BHK,Apartment,0.355,780,4551,Ready to move,Kalyan West,Mumbai
1 BHK,Apartment,0.5,330,15148,Ready to move,Thane West,Mumbai
1 BHK,Apartment,0.52,343,15148,Ready to move,Thane West,Mumbai
2 BHK,Floor,0.22,450,4888,Ready to move,Sector 7 Dwarka,Delhi
1 BHK,Floor,0.23,500,4600,Under Construction,Sector 1 Rohini,Delhi
4 BHK,Independent House,6.5,1440,45138,Ready to move,Sarai Rohilla,Delhi
4 BHK,Apartment,10.0,3265,30627,Ready to move,Karampura,Delhi
3 BHK,Floor,2.5,1800,13888,Ready to move,Naraina,Delhi
2 BHK,Apartment,0.48,720,6666,Ready to move,Jamia Nagar,Delhi
3 BHK,Floor,1.3,1100,11818,Ready to move,Jhil Mil Colony,Delhi
2 BHK,Apartment,0.62,1800,3444,Ready to move,Sector 1 Dwarka,Delhi
3 BHK,Floor,6.25,1900,32894,Ready to move,West End,Delhi
2 BHK,Apartment,0.9,972,9259,Ready to move,mayur vihar phase 1,Delhi
2 BHK,Floor,0.34,440,7727,Ready to move,Rohini sector 16,Delhi
3 BHK,Floor,0.35,900,3888,Ready to move,Dwarka Mor,Delhi
3 BHK,Floor,1.85,1350,13703,Ready to move,Janakpuri,Delhi
2 BHK,Apartment,0.85,732,11612,Ready to move,Sector 18 Rohini,Delhi
3 BHK,Floor,0.48,864,5555,Ready to move,Rohini sector 24,Delhi
2 BHK,Floor,0.31,540,5740,Ready to move,Dwarka Mor,Delhi
4 BHK,Apartment,6.5,4950,13131,Ready to move,Delhi,Delhi
2 BHK,Apartment,0.35,802,4364,Ready to move,Palam,Delhi
4 BHK,Floor,1.25,1350,9259,Ready to move,Ashok Vihar,Delhi
3 BHK,Floor,0.44,900,4888,Ready to move,Mahavir Enclave,Delhi
2 BHK,Floor,0.38,500,7600,Ready to move,Sudarshan Park,Delhi
2 BHK,Apartment,1.5,1100,13636,Ready to move,Alaknanda,Delhi
2 BHK,Apartment,0.48,1025,4682,Ready to move,Mahavir Enclave,Delhi
4 BHK,Floor,6.0,4800,12500,Ready to move,Rajouri Garden,Delhi
3 BHK,Apartment,1.6,1350,11851,Ready to move,Okhla,Delhi
3 BHK,Apartment,0.35,803,4358,Ready to move,Dwarka Mor,Delhi
3 BHK,Apartment,1.3,1450,8965,Ready to move,Paschim Vihar,Delhi
4 BHK,Floor,2.3,2045,11246,Ready to move,Krishna Nagar,Delhi
2 BHK,Floor,0.19,580,3275,Ready to move,Uttam Nagar,Delhi
3 BHK,Apartment,0.75,1337,5609,Ready to move,Chattarpur,Delhi
3 BHK,Floor,0.505,800,6312,Ready to move,Uttam Nagar,Delhi
5 BHK,Independent House,12.749,8640,14756,Ready to move,Punjabi Bagh,Delhi
2 BHK,Apartment,0.88,1100,8000,Ready to move,Sector 17 Dwarka,Delhi
3 BHK,Floor,1.75,1365,12820,Ready to move,laxmi nagar,Delhi
3 BHK,Floor,0.51,1000,5100,Ready to move,Manglapuri,Delhi
2 BHK,Floor,0.6,810,7407,Ready to move,Krishna Nagar,Delhi
2 BHK,Floor,0.38,750,5066,Ready to move,Khirki Extension,Delhi
2 BHK,Apartment,0.38,925,4108,Ready to move,Sector 10 Dwarka,Delhi
2 BHK,Floor,0.35,500,7000,Ready to move,laxmi nagar,Delhi
5 BHK,Floor,7.25,3600,20138,Ready to move,Karol Bagh,Delhi
2 BHK,Floor,0.15,459,3267,Under Construction,Razapur Khurd,Delhi
2 BHK,Apartment,0.29,500,5800,Ready to move,Uttam Nagar,Delhi
2 BHK,Independent House,0.19,405,4691,Ready to move,Dwarka Mor,Delhi
4 BHK,Floor,5.5,3600,15277,Ready to move,Sector 23 Rohini,Delhi
3 BHK,Floor,0.55,1125,4888,Ready to move,Chattarpur,Delhi
3 BHK,Floor,0.63,1350,4666,Ready to move,Shahdara,Delhi
3 BHK,Floor,0.35,990,3535,Ready to move,Dwarka Mor,Delhi
1 BHK,Apartment,0.558,442,12624,Ready to move,Sector 14 Dwarka,Delhi
5 BHK,Floor,2.1,2500,8400,Ready to move,Tilak Nagar,Delhi
4 BHK,Floor,2.39,2000,11950,Ready to move,Tilak Nagar,Delhi
1 BHK,Apartment,0.321,500,6416,Ready to move,Johripur,Delhi
2 BHK,Floor,0.85,750,11333,Ready to move,Janakpuri,Delhi
3 BHK,Floor,0.75,1100,6818,Under Construction,Sector 1 Dwarka,Delhi
2 BHK,Floor,0.35,550,6363,Ready to move,Mahavir Enclave,Delhi
2 BHK,Floor,0.42,720,5833,Ready to move,Dwarka Mor,Delhi
4 BHK,Floor,3.35,2600,12884,Ready to move,Saket,Delhi
2 BHK,Apartment,1.1,1100,10000,Ready to move,Subhash Nagar,Delhi
2 BHK,Floor,0.25,642,3894,Under Construction,Hastsal,Delhi
2 BHK,Floor,0.48,684,7017,Under Construction,Sarai Rohilla,Delhi
3 BHK,Apartment,0.65,1152,5642,Under Construction,Chattarpur,Delhi
4 BHK,Floor,6.15,3150,19523,Ready to move,Chittaranjan Park,Delhi
2 BHK,Floor,0.32,750,4266,Under Construction,Chattarpur,Delhi
3 BHK,Apartment,2.05,1500,13666,Ready to move,Lajpat Nagar III,Delhi
5 BHK,Independent House,0.9,1650,5454,Ready to move,Tri Nagar,Delhi
1 BHK,Apartment,0.57,500,11400,Ready to move,Vasant Kunj,Delhi
2 BHK,Apartment,0.4,650,6153,Ready to move,Kalkaji,Delhi
2 BHK,Floor,0.9,720,12500,Ready to move,Sector 19 Dwarka,Delhi
2 BHK,Floor,0.46,810,5679,Ready to move,Tilak Nagar,Delhi
2 BHK,Apartment,0.215,540,3981,Ready to move,Nawada,Delhi
2 BHK,Floor,0.25,650,3846,Ready to move,Dwarka Mor,Delhi
4 BHK,Floor,2.5,1800,13888,Ready to move,Malviya Nagar,Delhi
3 BHK,Apartment,0.5,1100,4545,Ready to move,Chattarpur,Delhi
2 BHK,Apartment,1.25,930,13440,Ready to move,Sector 13 Rohini,Delhi
3 BHK,Apartment,2.8,1800,15555,Ready to move,Sector 2 Dwarka,Delhi
2 BHK,Floor,0.32,585,5470,Ready to move,Dwarka Mor,Delhi
3 BHK,Apartment,1.8,1200,15000,Ready to move,Sector 13 Rohini,Delhi
2 BHK,Apartment,0.23,625,3680,Ready to move,Tara Nagar,Delhi
2 BHK,Apartment,2.0,986,20283,Ready to move,Sector 13 Rohini,Delhi
1 BHK,Apartment,0.185,500,3700,Ready to move,Jamia Nagar,Delhi
3 BHK,Floor,0.65,1200,5416,Ready to move,Badarpur,Delhi
4 BHK,Floor,0.58,1100,5272,Ready to move,Dwarka Mor,Delhi
3 BHK,Floor,0.44,1000,4400,Ready to move,Dwarka Mor,Delhi
1 BHK,Floor,0.25,500,5000,Ready to move,Sector 1 Rohini,Delhi
3 BHK,Floor,6.0,1900,31578,Ready to move,Anand Niketan,Delhi
1 BHK,Floor,0.18,360,5000,Ready to move,Dwarka Mor,Delhi
3 BHK,Apartment,1.3,1450,8965,Ready to move,Paschim Vihar,Delhi
2 BHK,Floor,1.11,960,11562,Ready to move,Subhash Nagar,Delhi
2 BHK,Floor,0.9,840,10714,Ready to move,vikaspuri,Delhi
3 BHK,Floor,3.5,1800,19444,Ready to move,Lajpat Nagar,Delhi
3 BHK,Apartment,0.62,1535,4039,Ready to move,Bijwasan,Delhi
3 BHK,Floor,0.48,1150,4173,Under Construction,Chattarpur,Delhi
2 BHK,Floor,0.32,800,4000,Ready to move,Khirki Extension,Delhi
3 BHK,Apartment,1.8,1150,15652,Ready to move,Sector 13 Rohini,Delhi
3 BHK,Floor,0.8,1100,7272,Under Construction,Ganesh Nagar,Delhi
2 BHK,Apartment,0.23,675,3407,Ready to move,Mundka,Delhi
3 BHK,Floor,1.0,1350,7407,Ready to move,Sagar Pur,Delhi
3 BHK,Independent House,0.357,631,5665,Ready to move,Saboli,Delhi
2 BHK,Apartment,0.8,1100,7272,Ready to move,Dilshad Colony,Delhi
2 BHK,Apartment,0.265,585,4529,Ready to move,Badarpur,Delhi
2 BHK,Apartment,0.38,1000,3800,Ready to move,Burari,Delhi
4 BHK,Floor,5.5,2700,20370,Ready to move,Greater kailash 1,Delhi
1 RK ,Apartment,0.26,350,7428,Ready to move,Karampura,Delhi
5 BHK,Apartment,0.62,2000,3100,Ready to move,Hastsal,Delhi
1 BHK,Apartment,0.18,450,4000,Ready to move,Chirag Dilli,Delhi
2 BHK,Floor,0.43,800,5375,Ready to move,Bindapur,Delhi
7 BHK,Independent House,7.5,2900,25862,Ready to move,Sector 3 Rohini,Delhi
3 BHK,Floor,1.25,1200,10416,Ready to move,Krishna Nagar,Delhi
3 BHK,Floor,1.55,1250,12400,Ready to move,vikaspuri,Delhi
2 BHK,Floor,0.28,522,5363,Ready to move,Uttam Nagar,Delhi
4 BHK,Apartment,2.75,2700,10185,Ready to move,Model Town,Delhi
1 BHK,Floor,0.15,400,3750,Ready to move,Mehrauli,Delhi
1 BHK,Floor,0.15,400,3750,Ready to move,Mehrauli,Delhi
2 BHK,Apartment,0.9,900,10000,Ready to move,Sector 23 Rohini,Delhi
5 BHK,Floor,1.5,2750,5454,Ready to move,Shahdara,Delhi
4 BHK,Floor,0.65,1200,5416,Ready to move,Chattarpur,Delhi
2 BHK,Floor,0.525,700,7500,Ready to move,Sector 21 Rohini,Delhi
3 BHK,Apartment,1.8,1650,10909,Ready to move,Sector 13 Rohini,Delhi
2 BHK,Floor,0.55,900,6111,Ready to move,Krishna Nagar,Delhi
2 BHK,Apartment,0.26,650,4000,Ready to move,Uttam Nagar,Delhi
3 BHK,Floor,0.6,900,6666,Ready to move,Uttam Nagar,Delhi
5 BHK,Apartment,2.5,2500,10000,Ready to move,Rangpuri,Delhi
3 BHK,Floor,0.44,1000,4400,Ready to move,Uttam Nagar,Delhi
1 BHK,Floor,0.41,500,8200,Ready to move,Rohini sector 24,Delhi
3 BHK,Apartment,1.5,1050,14285,Under Construction,Sector 15 Rohini,Delhi
3 BHK,Apartment,1.5,1200,12500,Ready to move,Sector 25 Rohini,Delhi
3 BHK,Floor,3.1,1700,18235,Ready to move,Pitampura,Delhi
3 BHK,Floor,1.4,1250,11200,Ready to move,vikaspuri,Delhi
2 BHK,Floor,0.835,1000,8350,Ready to move,vikaspuri,Delhi
3 BHK,Floor,1.45,1250,11600,Ready to move,vikaspuri,Delhi
4 BHK,Independent House,0.52,2500,2080,Ready to move,Uttam Nagar,Delhi
9 BHK,Independent House,1.49,5400,2759,Ready to move,Uttam Nagar,Delhi
9 BHK,Independent House,1.49,5400,2759,Ready to move,Uttam Nagar,Delhi
9 BHK,Independent House,1.49,5400,2759,Ready to move,Uttam Nagar,Delhi
5 BHK,Independent House,1.38,5400,2555,Ready to move,Uttam Nagar,Delhi
9 BHK,Independent House,1.49,5400,2759,Ready to move,Uttam Nagar,Delhi
9 BHK,Independent House,1.49,5400,2759,Ready to move,Uttam Nagar,Delhi
9 BHK,Independent House,1.49,5400,2759,Ready to move,Uttam Nagar,Delhi
9 BHK,Independent House,1.49,5400,2759,Ready to move,Uttam Nagar,Delhi
9 BHK,Independent House,1.49,5400,2759,Ready to move,Uttam Nagar,Delhi
2 BHK,Floor,0.25,520,4807,Ready to move,Dwarka Mor,Delhi
2 BHK,Floor,0.25,520,4807,Ready to move,Dwarka Mor,Delhi
2 BHK,Floor,0.25,520,4807,Ready to move,Dwarka Mor,Delhi
2 BHK,Floor,0.25,520,4807,Ready to move,Dwarka Mor,Delhi
2 BHK,Floor,0.25,520,4807,Ready to move,Dwarka Mor,Delhi
2 BHK,Floor,0.25,520,4807,Ready to move,Dwarka Mor,Delhi
3 BHK,Apartment,3.0,2100,14285,Ready to move,Sukhdev Vihar,Delhi
7 BHK,Independent House,0.55,2500,2200,Ready to move,Sangam Vihar,Delhi
7 BHK,Independent House,0.55,2500,2200,Ready to move,Sangam Vihar,Delhi
7 BHK,Independent House,0.55,2500,2200,Ready to move,Sangam Vihar,Delhi
3 BHK,Floor,1.4,1250,11200,Ready to move,vikaspuri,Delhi
3 BHK,Floor,1.4,1250,11200,Ready to move,vikaspuri,Delhi
3 BHK,Floor,1.4,1250,11200,Ready to move,vikaspuri,Delhi
3 BHK,Floor,1.4,1250,11200,Ready to move,vikaspuri,Delhi
3 BHK,Floor,1.4,1250,11200,Ready to move,vikaspuri,Delhi
3 BHK,Floor,1.4,1250,11200,Ready to move,vikaspuri,Delhi
3 BHK,Floor,1.4,1250,11200,Ready to move,vikaspuri,Delhi
3 BHK,Floor,1.4,1250,11200,Ready to move,vikaspuri,Delhi
3 BHK,Floor,1.4,1250,11200,Ready to move,vikaspuri,Delhi
3 BHK,Floor,1.4,1250,11200,Ready to move,vikaspuri,Delhi
3 BHK,Floor,1.4,1250,11200,Ready to move,vikaspuri,Delhi
3 BHK,Floor,1.4,1250,11200,Ready to move,vikaspuri,Delhi
1 BHK,Independent House,0.31,400,7750,Ready to move,Shalimar Bagh,Delhi
1 BHK,Independent House,0.31,400,7750,Ready to move,Shalimar Bagh,Delhi
1 BHK,Independent House,0.31,400,7750,Ready to move,Shalimar Bagh,Delhi
1 BHK,Independent House,0.31,400,7750,Ready to move,Shalimar Bagh,Delhi
1 BHK,Independent House,0.285,400,7125,Ready to move,Shalimar Bagh,Delhi
1 BHK,Independent House,0.285,400,7125,Ready to move,Shalimar Bagh,Delhi
1 BHK,Independent House,0.285,400,7125,Ready to move,Shalimar Bagh,Delhi
1 BHK,Independent House,0.285,400,7125,Ready to move,Shalimar Bagh,Delhi
1 BHK,Independent House,0.285,400,7125,Ready to move,Shalimar Bagh,Delhi
1 BHK,Independent House,0.285,400,7125,Ready to move,Shalimar Bagh,Delhi
1 BHK,Independent House,0.285,400,7125,Ready to move,Shalimar Bagh,Delhi
1 BHK,Independent House,0.31,400,7750,Ready to move,Shalimar Bagh,Delhi
1 BHK,Independent House,0.31,400,7750,Ready to move,Shalimar Bagh,Delhi
1 BHK,Independent House,0.285,400,7125,Ready to move,Shalimar Bagh,Delhi
1 BHK,Independent House,0.285,400,7125,Ready to move,Shalimar Bagh,Delhi
1 BHK,Independent House,0.285,400,7125,Ready to move,Shalimar Bagh,Delhi
1 BHK,Independent House,0.285,400,7125,Ready to move,Shalimar Bagh,Delhi
1 BHK,Independent House,0.285,400,7125,Ready to move,Shalimar Bagh,Delhi
3 BHK,Floor,0.63,1000,6300,Under Construction,Dwarka Mor,Delhi
3 BHK,Floor,0.38,700,5427,Ready to move,Mansa Ram Park,Delhi
3 BHK,Floor,3.5,1782,19640,Ready to move,Surajmal Vihar,Delhi
2 BHK,Apartment,0.98,1000,9800,Ready to move,New Ashok Nagar,Delhi
2 BHK,Apartment,0.26,650,4000,Ready to move,Sewak Park,Delhi
2 BHK,Apartment,0.26,650,4000,Ready to move,Sewak Park,Delhi
2 BHK,Floor,0.21,450,4666,Ready to move,Uttam Nagar,Delhi
3 BHK,Apartment,0.65,900,7222,Ready to move,Sector 1 Dwarka,Delhi
2 BHK,Floor,0.23,545,4220,Ready to move,Mahavir Enclave,Delhi
3 BHK,Floor,0.65,1100,5909,Ready to move,Bindapur,Delhi
3 BHK,Floor,0.65,1100,5909,Ready to move,Bindapur,Delhi
3 BHK,Floor,0.65,1100,5909,Ready to move,Bindapur,Delhi
Residential Plot,Residential,4.0,1800,22222,Resale,West Sagarpur,Delhi
Residential Plot,Residential,0.09,450,1999,Resale,Najafgarh,Delhi
Residential Plot,Residential,0.3,675,4444,Resale,Baprola,Delhi
Residential Plot,Residential,0.13,337,3857,Resale,Baprola,Delhi
Residential Plot,Residential,3.0,1800,16666,Resale,Sector 23 Dwarka,Delhi
2 BHK,Apartment,0.31,600,5166,Ready to move,Uttam Nagar,Delhi
3 BHK,Floor,1.28,1250,10240,Ready to move,Budh Vihar,Delhi
3 BHK,Floor,0.9,820,10975,Ready to move,Rohini sector 24,Delhi
3 BHK,Floor,0.87,820,10609,Ready to move,Rohini sector 24,Delhi
4 BHK,Apartment,4.2,3800,11052,Ready to move,Paschim Vihar,Delhi
1 BHK,Apartment,0.195,450,4333,Ready to move,Uttam Nagar,Delhi
3 BHK,Floor,0.7,1000,7000,Ready to move,Sector 28 Rohini,Delhi
4 BHK,Floor,3.6,3600,10000,Ready to move,Sector 25 Rohini,Delhi
3 BHK,Floor,0.82,1000,8200,Ready to move,Budh Vihar,Delhi
4 BHK,Floor,3.6,3800,9473,Ready to move,Rohini sector 24,Delhi
4 BHK,Floor,2.35,1800,13055,Ready to move,Rohini sector 24,Delhi
4 BHK,Floor,1.65,1500,11000,Ready to move,Rohini sector 24,Delhi
3 BHK,Floor,0.85,1500,5666,Ready to move,Sector 23 Rohini,Delhi
3 BHK,Floor,0.86,1300,6615,Ready to move,Sector 21 Rohini,Delhi
3 BHK,Floor,0.97,1300,7461,Ready to move,Sector 22 Rohini,Delhi
3 BHK,Floor,1.1,1400,7857,Ready to move,Sector 22 Rohini,Delhi
3 BHK,Floor,0.95,1300,7307,Ready to move,Sector 22 Rohini,Delhi
3 BHK,Floor,1.62,1500,10800,Ready to move,Rohini sector 24,Delhi
3 BHK,Floor,1.02,900,11333,Ready to move,Rohini sector 24,Delhi
3 BHK,Floor,1.0,900,11111,Ready to move,Rohini sector 24,Delhi
3 BHK,Floor,0.86,900,9555,Ready to move,Sector 23 Rohini,Delhi
3 BHK,Floor,0.76,900,8444,Ready to move,Sector 23 Rohini,Delhi
3 BHK,Floor,0.985,900,10944,Ready to move,Rohini sector 24,Delhi
3 BHK,Apartment,0.532,1070,4972,Ready to move,Uttam Nagar,Delhi
3 BHK,Apartment,0.478,895,5341,Ready to move,Uttam Nagar,Delhi
3 BHK,Apartment,0.405,875,4629,Ready to move,Uttam Nagar,Delhi
2 BHK,Apartment,0.287,725,3960,Ready to move,Uttam Nagar,Delhi
2 BHK,Apartment,0.267,600,4458,Ready to move,Uttam Nagar,Delhi
3 BHK,Apartment,0.721,1375,5244,Ready to move,Uttam Nagar,Delhi
3 BHK,Apartment,0.387,850,4554,Ready to move,Uttam Nagar,Delhi
2 BHK,Apartment,0.277,650,4269,Ready to move,Uttam Nagar,Delhi
2 BHK,Apartment,0.28,680,4117,Ready to move,Uttam Nagar,Delhi
2 BHK,Apartment,0.275,625,4400,Ready to move,Uttam Nagar,Delhi
3 BHK,Apartment,0.436,875,4984,Ready to move,Uttam Nagar,Delhi
1 BHK,Apartment,0.172,550,3129,Ready to move,Uttam Nagar,Delhi
3 BHK,Apartment,0.456,850,5365,Ready to move,Uttam Nagar,Delhi
3 BHK,Apartment,0.411,800,5137,Ready to move,Uttam Nagar,Delhi
2 BHK,Apartment,0.26,540,4814,Ready to move,Uttam Nagar,Delhi
1 BHK,Apartment,0.16,400,4000,Ready to move,Uttam Nagar,Delhi
2 BHK,Apartment,0.27,600,4500,Ready to move,Uttam Nagar,Delhi
2 BHK,Apartment,0.278,650,4276,Ready to move,Uttam Nagar,Delhi
2 BHK,Apartment,0.267,650,4115,Ready to move,Uttam Nagar,Delhi
1 BHK,Apartment,0.182,600,3035,Ready to move,Uttam Nagar,Delhi
2 BHK,Apartment,0.265,600,4418,Ready to move,Uttam Nagar,Delhi
2 BHK,Apartment,0.3,700,4285,Ready to move,Uttam Nagar,Delhi
6 BHK,Independent House,25.0,3627,68927,Ready to move,Neeti Bagh,Delhi
1 BHK,Apartment,0.18,580,3103,Ready to move,Uttam Nagar,Delhi
6 BHK,Independent House,19.0,2700,70370,Ready to move,Panchsheel Park,Delhi
3 BHK,Apartment,0.512,950,5394,Ready to move,Uttam Nagar,Delhi
3 BHK,Apartment,0.595,1050,5667,Ready to move,Uttam Nagar,Delhi
3 BHK,Apartment,0.721,1375,5244,Ready to move,Uttam Nagar,Delhi
3 BHK,Floor,0.476,850,5601,Ready to move,Uttam Nagar,Delhi
3 BHK,Apartment,0.485,995,4875,Ready to move,Uttam Nagar,Delhi
3 BHK,Apartment,0.512,900,5688,Ready to move,Uttam Nagar,Delhi
3 BHK,Floor,0.442,810,5458,Ready to move,Uttam Nagar,Delhi
3 BHK,Apartment,0.385,850,4530,Ready to move,Uttam Nagar,Delhi
4 BHK,Floor,1.66,1400,11857,Ready to move,Rohini sector 24,Delhi
4 BHK,Floor,4.4,3800,11578,Ready to move,Sector 23 Rohini,Delhi
3 BHK,Floor,3.85,2150,17906,Ready to move,Chittaranjan Park,Delhi
3 BHK,Floor,2.0,1125,17777,Ready to move,Chittaranjan Park,Delhi
3 BHK,Floor,3.65,2050,17804,Ready to move,Chittaranjan Park,Delhi
3 BHK,Floor,2.65,1450,18275,Ready to move,Chittaranjan Park,Delhi
3 BHK,Floor,4.0,2200,18181,Ready to move,Chittaranjan Park,Delhi
3 BHK,Floor,3.0,1600,18750,Ready to move,Chittaranjan Park,Delhi
Residential Plot,Residential,1.59,2700,5888,New,Carambolim,Goa
5 BHK,Villa,7.601,4894,15532,Under Construction,Parra,Goa
3 BHK,Apartment,1.15,1549,7424,Ready to move,Salcete,Goa
4 BHK,Independent House,2.65,3100,8548,Ready to move,Povorim,Goa
2 BHK,Apartment,1.5,1122,13368,Ready to move,Dona Paula,Goa
1 BHK,Floor,0.6,1088,5514,Ready to move,Alto Porvorim,Goa
4 BHK,Apartment,1.15,2304,4991,Ready to move,Socorro,Goa
4 BHK,Villa,7.25,3700,19594,Under Construction,Assagao,Goa
2 BHK,Apartment,1.5,1582,9481,Ready to move,Dona Paula,Goa
3 BHK,Villa,3.5,2525,13861,Ready to move,Siolim,Goa
2 BHK,Apartment,0.85,965,8808,Ready to move,Dabolim,Goa
2 BHK,Villa,1.2,1291,9295,Ready to move,Kadamba,Goa
2 BHK,Apartment,0.508,944,5385,Under Construction,Dabolim,Goa
3 BHK,Apartment,0.6,1750,3428,Ready to move,Sancoale,Goa
Residential Plot,Residential,2.5,2500,10000,New,Sancoale,Goa
2 BHK,Villa,3.185,1700,18737,Ready to move,Siolim,Goa
1 BHK,Apartment,0.52,721,7212,Ready to move,Mapusa,Goa
2 BHK,Apartment,1.65,1400,11785,Ready to move,Socorro,Goa
2 BHK,Apartment,0.7,1300,5384,Ready to move,Kadamba,Goa
1 BHK,Apartment,0.3,700,4285,Ready to move,Salcete,Goa
4 BHK,Independent House,1.8,4413,4078,Ready to move,Mapusa,Goa
2 BHK,Apartment,1.48,1080,13703,Ready to move,Candolim,Goa
3 BHK,Apartment,2.5,2011,12431,Ready to move,Taleigao,Goa
4 BHK,Villa,11.95,5200,22980,Under Construction,Anjuna,Goa
3 BHK,Villa,1.3,2260,5752,Ready to move,Sancoale,Goa
5 BHK,Villa,7.0,4304,16263,Under Construction,Anjuna,Goa
1 BHK,Apartment,0.35,677,5169,Ready to move,Dabolim,Goa
2 BHK,Apartment,1.5,1022,14677,Ready to move,Assagao,Goa
2 BHK,Apartment,1.4,1098,12750,Under Construction,Calangute,Goa
5 BHK,Apartment,3.0,4304,6970,Ready to move,Povorim,Goa
4 BHK,Villa,6.2,3950,15696,Ready to move,Siolim,Goa
4 BHK,Villa,3.9,2200,17727,Ready to move,Arpora,Goa
3 BHK,Villa,6.0,3150,19047,Under Construction,Anjuna,Goa
1 BHK,Apartment,0.35,688,5087,Ready to move,Salcete,Goa
4 BHK,Villa,0.95,1831,5188,Under Construction,Marcel,Goa
2 BHK,Apartment,1.55,1280,12109,Ready to move,Caranzalem,Goa
4 BHK,Villa,6.651,4732,14056,Under Construction,Parra,Goa
3 BHK,Apartment,1.23,2152,5715,Ready to move,Alto Porvorim,Goa
3 BHK,Apartment,0.6,1750,3428,Ready to move,Sancoale,Goa
3 BHK,Independent House,1.8,2000,9000,Ready to move,St Estevam,Goa
4 BHK,Independent House,4.0,5532,7230,Ready to move,Sateri Nagar Colony,Goa
5 BHK,Villa,8.0,4100,19512,Under Construction,Anjuna,Goa
3 BHK,Villa,4.0,2447,16346,Under Construction,Dona Paula,Goa
3 BHK,Villa,1.54,2552,6034,Under Construction,Corlim,Goa
1 BHK,Apartment,0.4,823,4860,Ready to move,Dabolim,Goa
2 BHK,Apartment,0.75,1054,7115,Ready to move,Kadamba,Goa
3 BHK,Apartment,2.43,1502,16178,Under Construction,Taleigao,Goa
3 BHK,Apartment,2.0,1786,11198,Ready to move,Dona Paula,Goa
4 BHK,Villa,9.0,4552,19771,Ready to move,Sateri Nagar Colony,Goa
4 BHK,Floor,2.8,3600,7777,Ready to move,Povorim,Goa
1 BHK,Apartment,0.58,839,6912,Ready to move,Calangute,Goa
2 BHK,Apartment,0.85,1100,7727,Ready to move,Dabolim,Goa
2 BHK,Apartment,1.45,1320,10984,Ready to move,Socorro,Goa
2 BHK,Villa,1.4,1399,10007,Ready to move,Kadamba,Goa
4 BHK,Villa,0.95,1831,5188,Under Construction,Marcel,Goa
3 BHK,Apartment,0.75,1450,5172,Ready to move,Margao,Goa
10 BH,Independent House,12.0,10763,11149,Ready to move,Assagao,Goa
3 BHK,Villa,6.0,3888,15432,Ready to move,Calangute,Goa
4 BHK,Villa,6.651,4732,14056,Under Construction,Parra,Goa
3 BHK,Apartment,0.6,1750,3428,Ready to move,Sancoale,Goa
2 BHK,Apartment,0.7,915,7650,Ready to move,Nuvem,Goa
2 BHK,Apartment,0.55,973,5652,Ready to move,Mapusa,Goa
3 BHK,Independent House,0.676,1002,6743,Ready to move,Chimbel,Goa
3 BHK,Villa,3.25,2464,13189,Under Construction,Pilerne,Goa
4 BHK,Floor,3.75,4950,7575,Ready to move,Povorim,Goa
5 BHK,Villa,7.5,7500,10000,Ready to move,Naicavaddo,Goa
5 BHK,Villa,3.75,3100,12096,Ready to move,Penha de Franca,Goa
2 BHK,Apartment,0.66,968,6818,Under Construction,Santa Cruz,Goa
3 BHK,Apartment,2.5,1614,15489,Ready to move,Dona Paula,Goa
3 BHK,Apartment,3.38,2500,13520,Under Construction,Dona Paula,Goa
2 BHK,Apartment,1.4,1093,12808,Ready to move,Candolim,Goa
3 BHK,Penthouse,1.011,2421,4177,Ready to move,Mapusa,Goa
4 BHK,Villa,5.5,3708,14832,Under Construction,Siolim,Goa
2 BHK,Apartment,1.65,1380,11956,Ready to move,Povorim,Goa
2 BHK,Apartment,0.597,1109,5386,Under Construction,Dabolim,Goa
2 BHK,Apartment,0.5,1208,4139,Ready to move,Tivim,Goa
2 BHK,Apartment,0.66,1120,5892,Ready to move,Margao,Goa
3 BHK,Apartment,1.331,933,14266,Under Construction,Taleigao,Goa
3 BHK,Independent House,0.666,989,6738,Ready to move,Chimbel,Goa
3 BHK,Apartment,0.75,1350,5555,Ready to move,Salcete,Goa
3 BHK,Villa,4.72,3467,13614,Under Construction,Parra,Goa
3 BHK,Villa,4.72,3467,13614,Under Construction,Parra,Goa
2 BHK,Independent House,0.567,841,6745,Ready to move,Chimbel,Goa
3 BHK,Villa,1.5,2300,6521,Ready to move,Salcete,Goa
3 BHK,Villa,1.2,2100,5714,Ready to move,Salcete,Goa
Residential Plot,Residential,0.66,5000,1320,Resale,Salcete,Goa
Residential Plot,Residential,0.7,5000,1400,Resale,Salcete,Goa
4 BHK,Villa,1.8,2260,7964,Ready to move,Mapusa,Goa
3 BHK,Villa,3.3,1960,16836,Ready to move,Anjuna,Goa
4 BHK,Independent House,4.5,3498,12864,Ready to move,Naicavaddo,Goa
4 BHK,Independent House,4.9,4036,12140,Ready to move,Candolim,Goa
3 BHK,Apartment,2.5,3616,6913,Ready to move,Candolim,Goa
1 BHK,Apartment,0.64,882,7256,Ready to move,Saligao,Goa
1 BHK,Apartment,1.2,753,15936,Ready to move,Candolim,Goa
2 BHK,Apartment,1.5,1237,12126,Ready to move,Povorim,Goa
3 BHK,Apartment,1.62,2163,7489,Ready to move,Povorim,Goa
1 BHK,Apartment,0.75,645,11627,Ready to move,Calangute,Goa
2 BHK,Apartment,1.0,1367,7315,Ready to move,Socorro,Goa
2 BHK,Apartment,0.92,839,10965,Ready to move,Assagao,Goa
3 BHK,Apartment,1.08,1292,8359,Under Construction,Candolim,Goa
1 BHK,Apartment,0.785,768,10221,Under Construction,Calangute,Goa
2 BHK,Apartment,0.585,960,6093,Under Construction,Salcete,Goa
4 BHK,Villa,5.5,3370,16320,Under Construction,Pernem,Goa
3 BHK,Villa,0.9,1500,6000,Under Construction,Salcete,Goa
3 BHK,Villa,1.62,1750,9257,Ready to move,Salcete,Goa
6 BHK,Villa,10.0,6865,14566,Under Construction,Siolim,Goa
2 BHK,Apartment,1.28,1213,10552,Under Construction,Sangolda,Goa
1 BHK,Apartment,0.807,742,10875,Under Construction,Sangolda,Goa
3 BHK,Apartment,1.81,1564,11572,Under Construction,Sangolda,Goa
3 BHK,Villa,6.7,4100,16341,Ready to move,Baga,Goa
2 BHK,Apartment,2.5,1800,13888,Ready to move,Bambolim,Goa
3 BHK,Apartment,2.3,2070,11111,Under Construction,Anjuna,Goa
2 BHK,Apartment,1.56,1460,10684,Under Construction,Anjuna,Goa
3 BHK,Apartment,2.3,2227,10327,Under Construction,Anjuna,Goa
4 BHK,Villa,1.5,2200,6818,Ready to move,Salcete,Goa
3 BHK,Villa,5.5,2950,18644,Under Construction,Anjuna,Goa
5 BHK,Villa,6.5,6000,10833,Under Construction,Calangute,Goa
4 BHK,Villa,1.75,1750,10000,Under Construction,Salcete,Goa
4 BHK,Villa,7.999,7300,10958,Ready to move,Calangute,Goa
1 BHK,Apartment,0.66,646,10216,Under Construction,Candolim,Goa
3 BHK,Apartment,1.32,1200,11000,Under Construction,Candolim,Goa
2 BHK,Apartment,0.9,1379,6526,Ready to move,Calangute,Goa
2 BHK,Apartment,0.85,690,12318,Ready to move,Dabolim,Goa
3 BHK,Apartment,2.347,1546,15181,Under Construction,Taleigao,Goa
3 BHK,Apartment,1.274,922,13813,Under Construction,Taleigao,Goa
4 BHK,Apartment,2.82,1912,14747,Under Construction,Taleigao,Goa
3 BHK,Apartment,1.793,1222,14673,Under Construction,Taleigao,Goa
3 BHK,Apartment,1.329,932,14263,Under Construction,Taleigao,Goa
3 BHK,Apartment,0.888,1027,8642,Under Construction,Dabolim,Goa
2 BHK,Apartment,0.441,514,8576,Under Construction,Dabolim,Goa
3 BHK,Apartment,0.844,976,8649,Under Construction,Dabolim,Goa
1 BHK,Apartment,0.331,351,9428,Under Construction,Dabolim,Goa
3 BHK,Apartment,0.841,972,8650,Under Construction,Dabolim,Goa
2 BHK,Apartment,1.29,1000,12900,Ready to move,Arpora,Goa
4 BHK,Villa,9.95,5000,19900,Under Construction,Chapora,Goa
4 BHK,Apartment,4.0,2195,18223,Ready to move,Anjuna,Goa
4 BHK,Villa,9.95,5000,19900,Under Construction,Anjuna,Goa
4 BHK,Villa,11.95,5200,22980,Under Construction,Chapora,Goa
6 BHK,Independent House,8.0,4894,16346,Under Construction,Dona Paula,Goa
3 BHK,Villa,1.9,2767,6866,Ready to move,Socorro,Goa
5 BHK,Villa,3.4,5200,6538,Ready to move,Socorro,Goa
4 BHK,Apartment,1.13,2304,4904,Ready to move,Socorro,Goa
4 BHK,Villa,2.0,2713,7371,Ready to move,Povorim,Goa
2 BHK,Floor,1.25,2186,5718,Ready to move,Socorro,Goa
5 BHK,Villa,3.4,5000,6800,Ready to move,Socorro,Goa
3 BHK,Villa,1.9,2767,6866,Ready to move,Socorro,Goa
3 BHK,Villa,1.55,1743,8892,Under Construction,Povorim,Goa
2 BHK,Apartment,0.5,1000,5000,Ready to move,Povorim,Goa
3 BHK,Villa,4.1,1875,21866,Ready to move,Siolim,Goa
2 BHK,Apartment,1.1,1184,9290,Under Construction,Socorro,Goa
2 BHK,Apartment,1.8,1614,11152,Under Construction,Arpora,Goa
2 BHK,Apartment,0.65,1049,6196,Ready to move,Mapusa,Goa
3 BHK,Villa,6.0,2519,23818,Ready to move,Assagao,Goa
3 BHK,Villa,1.9,1807,10514,Ready to move,Salcete,Goa
2 BHK,Apartment,0.84,1086,7734,Ready to move,Salcete,Goa
2 BHK,Apartment,0.75,1054,7115,Ready to move,Salcete,Goa
1 BHK,Apartment,0.952,633,15039,Under Construction,Morjim,Goa
4 BHK,Villa,7.0,3229,21678,Ready to move,Assagao,Goa
2 BHK,Apartment,1.78,1050,16952,Ready to move,Siolim,Goa
3 BHK,Apartment,2.0,2368,8445,Ready to move,Povorim,Goa
3 BHK,Apartment,0.79,1474,5359,Ready to move,Margao,Goa
2 BHK,Apartment,1.8,1614,11152,Under Construction,Arpora,Goa
2 BHK,Apartment,0.65,1049,6196,Ready to move,Mapusa,Goa
1 BHK,Apartment,0.952,633,15039,Under Construction,Morjim,Goa
4 BHK,Villa,7.0,3229,21678,Ready to move,Assagao,Goa
2 BHK,Apartment,1.78,1050,16952,Ready to move,Siolim,Goa
3 BHK,Apartment,2.0,2368,8445,Ready to move,Povorim,Goa
4 BHK,Villa,5.5,3422,16072,Under Construction,Candolim,Goa
4 BHK,Independent House,12.0,4090,29339,Ready to move,Mapusa,Goa
5 BHK,Independent House,1.3,3228,4027,Ready to move,Salcete,Goa
3 BHK,Villa,3.5,3005,11647,Ready to move,Salcete,Goa
4 BHK,Villa,2.6,2600,10000,Ready to move,Salcete,Goa
3 BHK,Villa,1.15,1570,7324,Ready to move,Salcete,Goa
2 BHK,Apartment,0.95,1527,6221,Ready to move,Dabolim,Goa
3 BHK,Apartment,1.3,1585,8201,Ready to move,Povorim,Goa
3 BHK,Apartment,1.01,1404,7193,Under Construction,Sancoale,Goa
4 BHK,Independent House,3.5,3316,10554,Ready to move,Siolim,Goa
2 BHK,Apartment,0.96,1119,8579,Under Construction,Panjim,Goa
2 BHK,Villa,2.5,1592,15703,Ready to move,Chapora,Goa
2 BHK,Apartment,0.52,1054,4933,Ready to move,Salcete,Goa
3 BHK,Villa,1.6,1614,9913,Ready to move,Salcete,Goa
5 BHK,Independent House,4.8,4111,11675,Ready to move,Povorim,Goa
4 BHK,Villa,5.5,3767,14600,Under Construction,Penha de Franca,Goa
2 BHK,Apartment,0.62,1000,6200,Ready to move,Mapusa,Goa
2 BHK,Apartment,0.699,1002,6980,Under Construction,Santa Cruz,Goa
2 BHK,Apartment,0.64,925,6918,Under Construction,Santa Cruz,Goa
3 BHK,Villa,2.9,2131,13608,Ready to move,Assagao,Goa
3 BHK,Apartment,1.86,1980,9393,Under Construction,Panjim,Goa
2 BHK,Apartment,0.72,1065,6760,Under Construction,Santa Cruz,Goa
2 BHK,Apartment,0.967,1200,8061,Under Construction,Taleigao,Goa
3 BHK,Apartment,1.42,1506,9428,Under Construction,Socorro,Goa
1 BHK,Apartment,1.05,752,13962,Under Construction,Calangute,Goa
2 BHK,Apartment,1.5,1122,13368,Ready to move,Dona Paula,Goa
2 BHK,Apartment,0.55,1000,5500,Ready to move,Socorro,Goa
4 BHK,Apartment,10.0,5661,17664,Under Construction,Dona Paula,Goa
2 BHK,Apartment,0.817,1001,8166,Under Construction,Taleigao,Goa
4 BHK,Apartment,4.37,3186,13716,Under Construction,Taleigao,Goa
2 BHK,Apartment,0.63,1000,6300,Ready to move,Mapusa,Goa
2 BHK,Apartment,1.019,1393,7312,Under Construction,Taleigao,Goa
3 BHK,Apartment,1.298,1539,8431,Under Construction,Taleigao,Goa
2 BHK,Apartment,0.95,1527,6221,Ready to move,Dabolim,Goa
3 BHK,Apartment,1.3,1585,8201,Ready to move,Povorim,Goa
2 BHK,Villa,2.5,1592,15703,Ready to move,Chapora,Goa
2 BHK,Apartment,0.52,1054,4933,Ready to move,Salcete,Goa
3 BHK,Villa,1.6,1614,9913,Ready to move,Salcete,Goa
3 BHK,Villa,6.0,2519,23818,Ready to move,Assagao,Goa
2 BHK,Apartment,0.52,1054,4933,Ready to move,Margao,Goa
2 BHK,Floor,0.65,1154,5632,Ready to move,Salcete,Goa
2 BHK,Apartment,0.573,1063,5390,Under Construction,Dabolim,Goa
2 BHK,Apartment,0.555,1085,5117,Under Construction,Dabolim,Goa
2 BHK,Apartment,0.598,1111,5387,Under Construction,Dabolim,Goa
3 BHK,Apartment,1.9,2152,8828,Ready to move,Povorim,Goa
2 BHK,Apartment,0.609,1130,5389,Under Construction,Dabolim,Goa
2 BHK,Apartment,0.555,1030,5390,Under Construction,Dabolim,Goa
3 BHK,Apartment,1.5,1484,10107,Ready to move,Dona Paula,Goa
2 BHK,Apartment,0.7,1076,6505,Ready to move,Dona Paula,Goa
3 BHK,Apartment,1.1,1248,8814,Ready to move,Calangute,Goa
3 BHK,Villa,3.0,1991,15067,Ready to move,Assagao,Goa
2 BHK,Apartment,2.0,1678,11918,Ready to move,Dona Paula,Goa
3 BHK,Villa,2.25,2238,10053,Ready to move,Dona Paula,Goa
2 BHK,Villa,2.1,2238,9383,Ready to move,Dona Paula,Goa
3 BHK,Apartment,1.2,1689,7104,Ready to move,Chimbel,Goa
2 BHK,Apartment,1.4,1345,10408,Ready to move,Dona Paula,Goa
2 BHK,Apartment,0.609,1130,5389,Under Construction,Dabolim,Goa
2 BHK,Apartment,0.555,1030,5390,Under Construction,Dabolim,Goa
3 BHK,Apartment,1.5,1484,10107,Ready to move,Dona Paula,Goa
2 BHK,Apartment,0.7,1076,6505,Ready to move,Dona Paula,Goa
3 BHK,Apartment,1.1,1248,8814,Ready to move,Calangute,Goa
3 BHK,Villa,3.0,1991,15067,Ready to move,Assagao,Goa
2 BHK,Apartment,2.0,1678,11918,Ready to move,Dona Paula,Goa
3 BHK,Villa,2.25,2238,10053,Ready to move,Dona Paula,Goa
3 BHK,Villa,2.3,2797,8223,Ready to move,Majorda,Goa
1 BHK,Apartment,0.8,840,9523,Ready to move,Dabolim,Goa
3 BHK,Apartment,0.802,1139,7044,Under Construction,Vasco Da Gama,Goa
2 BHK,Apartment,0.46,514,8947,Under Construction,Dabolim,Goa
3 BHK,Apartment,0.6,1750,3428,Ready to move,Sancoale,Goa
Residential Plot,Residential,0.75,3070,2442,Resale,Mapusa,Goa
3 BHK,Villa,2.7,1780,15168,Ready to move,Arpora,Goa
4 BHK,Villa,6.0,4620,12987,Ready to move,Siolim,Goa
4 BHK,Villa,5.5,4000,13750,Under Construction,Sateri Nagar Colony,Goa
4 BHK,Villa,6.0,4620,12987,Ready to move,Siolim,Goa
Residential Plot,Residential,15.0,7560,19841,Resale,Dabolim,Goa
2 BHK,Apartment,0.6,861,6968,Ready to move,Calangute,Goa
2 BHK,Apartment,0.52,1054,4933,Ready to move,Salcete,Goa
1 BHK,Apartment,0.62,795,7798,Ready to move,Arpora,Goa
2 BHK,Apartment,0.65,1151,5647,Ready to move,Socorro,Goa
3 BHK,Villa,1.0,1485,6734,Ready to move,Salcete,Goa
2 BHK,Apartment,0.6,1140,5263,Ready to move,Salcete,Goa
3 BHK,Floor,2.3,2238,10277,Ready to move,Calangute,Goa
2 BHK,Apartment,0.8,1259,6354,Ready to move,Socorro,Goa
2 BHK,Villa,0.98,1291,7591,Ready to move,Calangute,Goa
2 BHK,Apartment,0.55,1022,5381,Ready to move,Socorro,Goa
3 BHK,Apartment,0.67,1464,4576,Ready to move,Salcete,Goa
2 BHK,Apartment,0.4,796,5025,Ready to move,Salcete,Goa
1 BHK,Apartment,0.4,581,6884,Ready to move,Calangute,Goa
2 BHK,Apartment,0.75,893,8398,Ready to move,Calangute,Goa
2 BHK,Villa,2.0,1237,16168,Ready to move,Calangute,Goa
1 BHK,Apartment,0.5,731,6839,Ready to move,Sangolda,Goa
2 BHK,Apartment,0.39,839,4648,Ready to move,Salcete,Goa
1 BHK,Apartment,0.4,452,8849,Ready to move,Calangute,Goa
