Brand Name,Model_Name,Model_Year,Emi Per Month,Down Payment,KMs Travelled,Owners,Fule Type,RTO Number,Location,Engine Displacement,Transmission Type,Original Price,Actual Price
Toyota,Etios Liva,2011,"5,181",Zero,"35,131",2,Petrol,DL-10,Noida,,Manual,"2,87,000","2,65,000"
Hyundai,Tucson New,2018,"26,667",Zero,"42,864",1,Petrol,HR-26,Noida,2.0,Manual,"17,55,000","14,01,000"
Skoda,Rapid,2016,"9,228",Zero,"66,054",1,Petrol,DL-7C,Noida,1.6,Manual,"4,72,000","4,72,000"
Hyundai,Verna,2014,"7,937",Zero,"94,348",3,Petrol,HR-26,Delhi,,Manual,"4,21,000","4,06,000"
Tata,TIGOR,2018,"10,127",Zero,"57,116",1,Petrol,UP-16,Ghaziabad,,Manual,"5,32,000","5,18,000"
Honda,Amaze,2020,"12,102",Zero,"15,072",2,Petrol,HR-26,Gurugram,1.2,Manual,"7,02,000","6,19,000"
Honda,Brio,2016,"5,982",Zero,"59,609",1,Petrol,DL-10,Noida,,Manual,"3,21,000","3,06,000"
Skoda,Rapid,2021,"20,271",Zero,"43,210",2,Petrol,DL-10,Delhi,,Manual,"11,19,000","10,65,000"
Maruti,Swift,2016,"8,465",Zero,"40,368",1,Petrol,HR-26,Faridabad,,Manual,"4,77,000","4,33,000"
Hyundai,VENUE,2020,"18,691",Zero,"57,163",1,Petrol,UP-14,Noida,,Automatic,"10,21,000","9,82,000"
Skoda,Rapid,2018,"14,839",Zero,"59,030",2,Diesel,DL-1C,Gurugram,,Automatic,"8,37,000","7,59,000"
Hyundai,Elite i20,2018,"10,303",Zero,"40,826",2,Petrol,DL-4C,Delhi,,Manual,"5,66,000","5,27,000"
Honda,City,2016,"13,411",Zero,"1,06,280",2,CNG,DL-2C,Noida,1.5,Automatic,"7,20,000","6,86,000"
Volkswagen,Polo,2015,"7,234",Zero,"84,265",2,Petrol,HR-51,Faridabad,,Manual,"4,11,000","3,70,000"
Toyota,Corolla Altis,2015,"16,046",Zero,"60,408",2,Petrol,DL-8C,Noida,,Automatic,"9,83,000","8,43,000"
Toyota,Corolla Altis,2012,"9,032",Zero,"63,140",1,Petrol,DL-3C,Gurugram,,Automatic,"4,96,000","4,62,000"
Renault,Kwid,2017,"4,790",Zero,"67,522",3,Petrol,DL-8C,Delhi,,Automatic,"2,59,000","2,45,000"
Datsun,Redi Go,2020,"7,273",Zero,"22,551",1,Petrol,UP-14,Noida,,Automatic,"4,13,000","3,72,000"
Toyota,Corolla Altis,2018,"18,920",Zero,"1,01,720",1,Diesel,HR-26,Noida,,Manual,"11,53,000","9,94,000"
Hyundai,Creta,2017,"20,842",Zero,"16,820",1,Petrol,HR-26,Chhatarpur,,Automatic,"11,22,000","10,95,000"
Skoda,Rapid,2013,"7,214",Zero,"96,727",3,Petrol,TN-01,Chennai,,Manual,"3,95,000","3,69,000"
Maruti,A Star,2010,"3,656",Zero,"92,648",3,Petrol,TN-10,Navalur,,Manual,"1,96,000","1,87,000"
Skoda,Rapid,2018,"15,589",Zero,"53,446",1,Petrol,TN-02,Chennai,,Automatic,"8,35,000","8,19,000"
Hyundai,i20,2011,"5,767",Zero,"50,046",3,Petrol,TN-02,Navalur,,Manual,"3,01,000","2,95,000"
Maruti,Alto 800,2014,"5,239",Zero,"92,289",2,Petrol,TN-22,Chennai,,Manual,"2,68,000","2,68,000"
Hyundai,VENUE,2019,"15,570",Zero,"75,430",1,Petrol,TN-12,Chennai,,Manual,"8,83,000","8,18,000"
Maruti,Swift Dzire,2016,"12,532",Zero,"85,399",2,Diesel,TN-09,Chennai,,Automatic,"6,79,000","6,41,000"
Tata,NEXON,2018,"16,503",Zero,"26,820",1,Petrol,TN-11,Chennai,,Automatic,"8,67,000","8,67,000"
Renault,Kwid,2018,"5,963",Zero,"53,751",3,Petrol,TN-55,Chennai,,Manual,"3,40,000","3,05,000"
Renault,Kwid,2018,"7,312",Zero,"55,873",1,Petrol,TN-18,Chennai,,Automatic,"4,16,000","3,74,000"
Tata,Zest,2015,"7,879",Zero,"80,375",1,Petrol,TN-01,Chennai,,Manual,"4,03,000","4,03,000"
Volkswagen,Polo,2020,"12,610",Zero,"43,712",1,Petrol,TN-14,Chennai,,Manual,"6,45,000","6,45,000"
Honda,Amaze,2021,"13,998",Zero,"20,086",2,Petrol,TN-05,Chennai,1.2,Manual,"7,16,000","7,16,000"
Hyundai,Elite i20,2016,"11,124",Zero,"86,315",1,Petrol,TN-01,Chennai,,Manual,"6,08,000","5,69,000"
Mahindra,XUV 3OO,2021,"20,785",Zero,"22,402",1,Petrol,TN-74,Chennai,8.0,Manual,"11,37,000","10,92,000"
Maruti,Swift Dzire,2014,"8,543",Zero,"49,387",2,Petrol,TN-07,Chennai,,Manual,"4,82,000","4,37,000"
Hyundai,Elite i20,2018,"13,255",Zero,"55,101",2,Petrol,TN-87,Chennai,,Manual,"7,26,000","6,78,000"
Nissan,MAGNITE,2022,"11,945",Zero,"37,716",1,Petrol,TN-03,Chennai,,Manual,"6,22,000","6,11,000"
Maruti,Swift,2013,"7,194",Zero,"88,122",3,Petrol,TN-11,Chennai,,Manual,"4,14,000","3,68,000"
Hyundai,Verna,2017,"15,989",Zero,"82,176",1,Diesel,TN-18,Chennai,1.6,Manual,"8,57,000","8,40,000"
Honda,City,2013,"9,619",Zero,"40,416",1,Petrol,KA-05,Benga...,1.5,Manual,"5,44,000","4,92,000"
Hyundai,Creta,2016,"16,445",Zero,"81,853",2,Petrol,KA-01,Bengaluru,,Manual,"9,29,000","8,64,000"
Datsun,Redi Go,2018,"5,161",Zero,"73,509",2,Petrol,KA-19,Benga...,,Manual,"2,77,000","2,64,000"
Toyota,Innova Crysta,2016,"37,535",Zero,"35,807",1,Diesel,KA-03,Bengaluru,2.4,Manual,"20,01,000","19,72,000"
Toyota,Etios Liva,2011,"7,077",Zero,"56,898",1,Petrol,KA-03,Bengaluru,,Manual,"3,62,000","3,62,000"
Honda,Amaze,2018,"14,975",Zero,"53,497",2,Diesel,KA-53,Benga...,1.5,Automatic,"8,02,000","7,66,000"
Maruti,Omni,2015,"5,220",Zero,"56,292",1,Petrol,KA-01,Bengaluru,5.0,Manual,"2,75,000","2,67,000"
Maruti,Swift Dzire,2016,"11,476",Zero,"43,138",1,Petrol,KA-03,Bengaluru,,Manual,"6,47,000","5,87,000"
Hyundai,Verna,2011,"7,370",Zero,"83,667",2,Diesel,KA-03,Bengaluru,,Manual,"3,92,000","3,77,000"
Volkswagen,Polo,2016,"10,792",Zero,"90,261",1,Petrol,KA-03,Bengaluru,,Manual,"5,98,000","5,52,000"
Nissan,Micra,2016,"8,367",Zero,"77,282",1,Petrol,KA-04,Bengaluru,,Automatic,"4,39,000","4,28,000"
Honda,City,2017,"18,730",Zero,"76,428",2,Petrol,KA-50,Bengaluru,1.5,Automatic,"9,84,000","9,84,000"
Volkswagen,Polo,2010,"6,588",Zero,"52,771",2,Petrol,KA-03,Bengaluru,,Manual,"3,51,000","3,37,000"
Honda,City,2012,"8,602",Zero,"71,592",2,Petrol,KA-03,Bengaluru,1.5,Manual,"4,58,000","4,40,000"
Tata,Tiago,2016,"9,130",Zero,"67,261",2,Petrol,KA-21,Bengaluru,,Manual,"5,13,000","4,67,000"
Tata,TIGOR,2020,"14,682",Zero,"25,790",1,Petrol,KA-02,Bengaluru,,Manual,"7,79,000","7,51,000"
Tata,Tiago,2016,"9,658",Zero,"25,950",1,Petrol,KA-03,Bengaluru,,Manual,"5,44,000","4,94,000"
Toyota,Etios Liva,2012,"8,113",Zero,"63,887",2,Diesel,KA-02,Bengaluru,,Manual,"4,40,000","4,15,000"
Hyundai,Verna,2015,"14,995",Zero,"58,676",1,Diesel,KA-01,Bengaluru,1.6,Manual,"7,89,000","7,67,000"
Hyundai,Verna,2015,"10,889",Zero,"65,868",3,Petrol,KA-51,Bengaluru,,Manual,"6,17,000","5,57,000"
Renault,Kwid,2016,"4,594",Zero,"80,786",2,Petrol,TS-03,Hyderabad,,Manual,"2,35,000","2,35,000"
Mahindra,KUV 100 NXT,2018,"8,758",Zero,"72,407",1,Diesel,TS-07,Hyderabad,8.0,Manual,"4,76,000","4,48,000"
Honda,City,2011,"8,328",Zero,"54,924",2,Petrol,AP-13,Hyderabad,1.5,Automatic,"4,26,000","4,26,000"
Renault,Kwid,2022,"10,674",Zero,"11,689",1,Petrol,TS-04,Hyderabad,,Manual,"5,88,000","5,46,000"
Maruti,Swift,2019,"11,847",Zero,"72,282",2,Petrol,TS-13,Hyderabad,,Automatic,"6,18,000","6,06,000"
Honda,City,2012,"8,485",Zero,"1,18,753",1,Petrol,AP-09,Hyderabad,1.5,Manual,"4,48,000","4,34,000"
Hyundai,i20,2013,"7,976",Zero,"72,875",2,Petrol,AP-09,Hyderabad.,,Manual,"4,08,000","4,08,000"
Maruti,Swift Dzire,2016,"12,375",Zero,"10,806",2,Petrol,TS-07,Hyderabad,,Manual,"6,75,000","6,33,000"
Tata,NEXON,2019,"14,975",Zero,"59,380",1,Diesel,TS-08,Hyderabad.,,Manual,"7,85,000","7,66,000"
Volkswagen,Polo,2020,"15,646",Zero,"28,883",2,Petrol,TS-08,Hyderabad,,Manual,"8,59,000","8,22,000"
Honda,Jazz,2015,"8,250",Zero,"85,589",2,Petrol,TS-13,Hyderabad,1.2,Manual,"4,59,000","4,22,000"
Renault,Kwid,2017,"5,728",Zero,"65,192",1,Petrol,TS-08,Hyderabad,,Manual,"3,09,000","2,93,000"
Volkswagen,Vento,2013,"7,351",Zero,"1,10,807",2,Diesel,AP-10,Hyderabad,,Manual,"3,95,000","3,76,000"
Maruti,Swift Dzire,2013,"8,837",Zero,"1,11,274",2,Diesel,AP-09,Hyderabad,,Manual,"4,84,000","4,52,000"
Maruti,Celerio,2016,"9,873",Zero,"38,417",1,Petrol,TS-09,Hyderabad,,Automatic,"5,28,000","5,05,000"
Hyundai,Elite i20,2016,"12,825",Zero,"48,640",1,Petrol,TS-08,Hyderabad,,Manual,"7,01,000","6,56,000"
Honda,Amaze,2014,"8,328",Zero,"71,861",2,Petrol,AP-28,Hyderabad,1.2,Manual,"4,63,000","4,26,000"
Ford,New Figo,2021,"15,171",Zero,"16,579",1,Petrol,TS-09,Hyderabad,,Automatic,"7,98,000","7,76,000"
Hyundai,VENUE,2019,"19,148",Zero,"20,778",1,Petrol,TS-13,Hyderabad,,Automatic,"10,38,000","10,06,000"
KIA,SELTOS,2019,"23,393",Zero,"78,396",1,Petrol,TS-15,Hyderabad,,Automatic,"13,47,000","12,29,000"
Hyundai,Elite i20,2017,"11,046",Zero,"34,803",1,Petrol,UP-16,Noida,,Manual,"5,93,000","5,65,000"
Honda,Brio,2013,"4,477",Zero,"67,656",2,Petrol,DL-1C,Noida,,Manual,"2,76,000","2,29,000"
Renault,Kwid,2017,"4,790",Zero,"67,522",3,Petrol,DL-8C,Delhi,,Automatic,"2,59,000","2,45,000"
Hyundai,Tucson New,2018,"22,137",Zero,"86,933",2,Petrol,UP-14,Noida,2.0,Manual,"15,83,000","11,63,000"
Hyundai,Santro Xing,2012,"3,675",Zero,"90,337",1,Petrol,UP-78,Ghaziabad,,Manual,"1,99,000","1,88,000"
Ford,Ecosport,2019,"13,900",Zero,"60,121",1,Diesel,DL-10,Noida,,Manual,"7,87,000","7,11,000"
Volkswagen,Polo,2010,"3,539",Zero,"1,02,254",2,Petrol,DL-8C,Noida,,Manual,"2,06,000","1,81,000"
Hyundai,Eon,2016,"4,516",Zero,"48,144",1,Petrol,HR-26,Delhi,,Manual,"2,51,000","2,31,000"
Tata,Tiago,2018,"7,801",Zero,"33,709",2,Petrol,UP-16,Noida,,Manual,"4,27,000","3,99,000"
Tata,NEXON,2020,"13,099",Zero,"23,358",1,Petrol,UP-14,Ghaziabad,,Manual,"6,89,000","6,70,000"
Maruti,Dzire,2018,"11,828",Zero,"41,309",1,Petrol,DL-8C,Noida,,Automatic,"6,67,000","6,05,000"
Skoda,Rapid,2016,"9,228",Zero,"66,054",1,Petrol,DL-7C,Noida,1.6,Manual,"4,72,000","4,72,000"
Renault,Kwid,2017,"4,829",Zero,"33,095",2,Petrol,UP-14,Noida,,Manual,"2,52,000","2,47,000"
Maruti,IGNIS,2022,"9,892",Zero,"18,254",1,Petrol,UP-14,Noida,,Manual,"5,41,000","5,06,000"
Honda,Brio,2013,"5,063",Zero,"21,682",2,Petrol,UP-16,Noida,,Manual,"2,82,000","2,59,000"
Renault,Duster,2019,"13,548",Zero,"1,00,579",2,Diesel,DL-7C,Noida,110.0,Manual,"8,02,000","6,93,000"
Tata,ALTROZ,2020,"13,333",Zero,"32,282",1,Petrol,UP-53,Noida,,Manual,"7,63,000","6,82,000"
Hyundai,i10,2011,"3,871",Zero,"99,880",1,Petrol,UP-32,Noida,,Manual,"1,98,000","1,98,000"
Skoda,Rapid,2020,"16,312",Zero,"30,761",1,Petrol,DL-10,Delhi,,Manual,"8,57,000","8,57,000"
Tata,Harrier,2019,"25,449",Zero,"52,860",2,Diesel,HR-26,Gurugram,,Manual,"14,18,000","13,37,000"
Hyundai,i10,2011,"5,474",Zero,"52,419",1,Petrol,MH-12,Pune,,Manual,"2,85,000","2,80,000"
Maruti,Ertiga,2019,"16,522",Zero,"43,576",1,Petrol,MH-47,Pune,,Automatic,"8,86,000","8,68,000"
Renault,Kwid,2019,"6,354",Zero,"35,747",2,Petrol,MH-14,Pune,,Manual,"3,25,000","3,25,000"
Hyundai,i10,2015,"7,937",Zero,"31,895",2,Petrol,MH-12,Pune,,Manual,"4,21,000","4,06,000"
Renault,Kwid,2015,"4,633",Zero,"65,333",1,Petrol,MH-14,Pune,,Manual,"2,37,000","2,37,000"
Maruti,Swift,2011,"6,471",Zero,"25,857",1,Petrol,MH-14,Pune,,Manual,"3,50,000","3,31,000"
Hyundai,i20,2012,"5,572",Zero,"76,823",2,Petrol,MH-02,Pune,,Manual,"3,07,000","2,85,000"
Honda,City,2015,"11,593",Zero,"1,04,239",2,CNG,MH-14,Pune,1.5,Manual,"6,10,000","5,93,000"
Volkswagen,Polo,2015,"8,524",Zero,"82,050",2,Diesel,MH-05,Pune,1.5,Manual,"4,54,000","4,36,000"
Maruti,Swift,2011,"5,552",Zero,"82,202",3,Petrol,MH-12,Pune,,Manual,"3,13,000","2,84,000"
Tata,Tiago,2017,"8,758",Zero,"39,662",2,Petrol,MH-03,Pune,,Automatic,"4,57,000","4,48,000"
Maruti,IGNIS,2020,"12,610",Zero,"16,569",2,Petrol,MH-01,Pune,,Automatic,"6,76,000","6,45,000"
Hyundai,i10,2010,"3,343",Zero,"42,872",2,Petrol,MH-03,Pune,,Manual,"1,87,000","1,71,000"
Hyundai,Creta,2016,"16,008",Zero,"63,731",1,Petrol,MH-14,Pune,,Manual,"8,81,000","8,41,000"
Hyundai,Verna,2013,"7,644",Zero,"99,583",1,Petrol,MH-01,Pune,,Manual,"3,91,000","3,91,000"
Volkswagen,Vento,2014,"7,683",Zero,"1,12,190",3,Diesel,MH-12,Pune,,Manual,"4,24,000","3,93,000"
Hyundai,i10,2010,"3,597",Zero,"77,431",1,Petrol,MH-12,Pune,,Manual,"2,09,000","1,84,000"
Maruti,Swift,2011,"5,728",Zero,"60,385",1,Petrol,MH-14,Pune,,Manual,"3,27,000","2,93,000"
Toyota,Etios Liva,2017,"8,270",Zero,"22,525",2,Petrol,MH-01,Pune,,Manual,"5,16,000","4,23,000"
Renault,Duster,2018,"13,705",Zero,"36,760",2,Diesel,MH-03,Pune,110.0,Manual,"7,40,000","7,01,000"
Honda,City,2010,"4,497",Zero,"73,789",3,Petrol,GJ-06,Ahmedabad,1.5,Manual,"2,46,000","2,30,000"
Maruti,Vitara Brezza,2021,"15,308",Zero,"60,962",1,Petrol,GJ-01,Ahmedabad,,Manual,"8,42,000","7,83,000"
Maruti,Swift,2015,"8,270",Zero,"90,581",2,Petrol,GJ-01,Ahmedabad,,Manual,"4,23,000","4,23,000"
Maruti,Zen Estilo,2010,"2,933",Zero,"82,224",1,Petrol,DL-3C,Ahmedabad,,Manual,"1,57,000","1,50,000"
Honda,City,2018,"14,858",Zero,"1,11,005",1,CNG,GJ-01,Ahmedabad,1.5,Manual,"8,02,000","7,60,000"
Maruti,Ciaz,2018,"12,610",Zero,"70,248",1,Petrol,GJ-03,Ahmedabad,,Manual,"7,02,000","6,45,000"
Mahindra,XUV500,2019,"24,192",Zero,"67,102",1,Diesel,GJ-01,Ahmedabad,7.0,Automatic,"13,47,000","12,71,000"
Tata,TIGOR,2019,"10,342",Zero,"88,143",1,CNG,GJ-01,Ahmedabad,,Manual,"5,41,000","5,29,000"
Maruti,Eeco,2018,"9,149",Zero,"57,011",1,CNG,GJ-01,Ahmedabad,5.0,Manual,"4,73,000","4,68,000"
Hyundai,Grand i10,2019,"10,401",Zero,"50,612",1,CNG,GJ-18,Ahmedabad,,Manual,"5,82,000","5,32,000"
Maruti,Swift,2020,"11,476",Zero,"57,109",1,Petrol,GJ-27,Ahmedabad,,Manual,"5,98,000","5,87,000"
Maruti,Alto 800,2017,"5,670",Zero,"89,127",2,CNG,GJ-01,Ahmedabad,,Manual,"2,98,000","2,90,000"
KIA,SONET,2021,"23,317",Zero,"76,273",1,Diesel,GJ-27,Ahmedabad,,Automatic,"12,69,000","12,25,000"
Maruti,Baleno,2020,"12,336",Zero,"73,730",2,Petrol,GJ-08,Ahmedabad,,Manual,"6,31,000","6,31,000"
Tata,Harrier,2021,"30,512",Zero,"26,684",1,Diesel,GJ-01,Ahmedabad,,Automatic,"16,26,000","16,03,000"
Toyota,Fortuner,2017,"42,541",Zero,"1,16,742",3,Diesel,GJ-27,Ahmedabad,2.8,Automatic,"23,45,000","22,35,000"
Hyundai,Grand i10,2017,"8,934",Zero,"17,556",1,Petrol,GJ-01,Ahmedabad,,Manual,"5,20,000","4,57,000"
Hyundai,Eon,2013,"3,734",Zero,"58,000",3,Petrol,GJ-01,Ahmedabad,,Manual,"1,96,000","1,91,000"
Maruti,Eeco,2018,"7,859",Zero,"75,399",1,Petrol,GJ-23,Ahmedabad,5.0,Manual,"4,17,000","4,02,000"
Maruti,Swift Dzire,2012,"6,256",Zero,"1,19,603",3,Petrol,GJ-01,Ahmedabad,,Manual,"3,39,000","3,20,000"
Maruti,Swift,2016,"7,077",Zero,"80,664",1,Petrol,UP-78,Noida,,Manual,"4,05,000","3,62,000"
Hyundai,Elite i20,2017,"11,046",Zero,"34,803",1,Petrol,UP-16,Noida,,Manual,"5,93,000","5,65,000"
Skoda,Rapid,2016,"9,228",Zero,"66,054",1,Petrol,DL-7C,Noida,1.6,Manual,"4,72,000","4,72,000"
Volkswagen,Polo,2012,"4,418",Zero,"59,593",2,Petrol,DL-10,Delhi,,Manual,"2,39,000","2,26,000"
Tata,Harrier,2019,"25,449",Zero,"52,860",2,Diesel,HR-26,Gurugram,,Manual,"14,18,000","13,37,000"
Hyundai,i20,2010,"3,773",Zero,"66,190",1,Petrol,HR-26,Noida,,Manual,"1,93,000","1,93,000"
Ford,Ecosport,2019,"13,900",Zero,"60,121",1,Diesel,DL-10,Gurugram,,Manual,"7,87,000","7,11,000"
Honda,Amaze,2020,"12,102",Zero,"15,072",2,Petrol,HR-26,Noida,1.2,Manual,"7,02,000","6,19,000"
Honda,Brio,2013,"5,063",Zero,"21,682",2,Petrol,UP-16,Delhi,,Manual,"2,82,000","2,59,000"
Hyundai,Eon,2016,"4,516",Zero,"48,144",1,Petrol,HR-26,Gurugram,,Manual,"2,51,000","2,31,000"
Honda,CRV,2018,"27,542",Zero,"66,828",1,Petrol,DL-9C,Ghaziabad,2.4,Automatic,"15,88,000","14,47,000"
Honda,Brio,2014,"5,572",Zero,"55,996",1,Petrol,DL-3C,Gurugram,,Manual,"2,98,000","2,85,000"
Jeep,Compass,2021,"33,881",Zero,"37,129",2,Petrol,DL-1C,Delhi,,Automatic,"19,80,000","17,80,000"
Skoda,Rapid,2020,"16,312",Zero,"30,761",1,Petrol,DL-10,Noida,,Manual,"8,57,000","8,57,000"
Tata,ALTROZ,2020,"13,333",Zero,"32,282",1,Petrol,UP-53,Delhi,,Manual,"7,63,000","6,82,000"
Honda,Jazz,2017,"9,052",Zero,"53,491",2,Petrol,DL-14,Delhi,1.2,Manual,"5,22,000","4,63,000"
Hyundai,i10,2012,"3,675",Zero,"51,210",1,Petrol,DL-12,Faridabad,,Manual,"1,94,000","1,88,000"
Maruti,Alto,2019,"7,234",Zero,"52,397",1,CNG,DL-12,Noida,,Manual,"4,12,000","3,70,000"
Renault,TRIBER,2019,"9,443",Zero,"1,02,395",1,Petrol,DL-8C,Delhi,,Manual,"5,22,000","4,83,000"
Honda,Amaze,2020,"11,417",Zero,"36,305",2,Petrol,DL-9C,Gurugram,1.2,Manual,"6,58,000","5,84,000"
Skoda,Rapid,2018,"14,839",Zero,"59,030",2,Diesel,DL-1C,Gurugram,,Automatic,"8,37,000","7,59,000"
Hyundai,Verna,2019,"19,148",Zero,"14,598",2,Petrol,HR-26,Faridabad,1.6,Manual,"10,68,000","10,06,000"
Maruti,Swift Dzire,2019,"11,222",Zero,"67,441",1,Diesel,HR-81,Delhi,,Manual,"6,23,000","5,74,000"
Maruti,IGNIS,2017,"7,370",Zero,"70,693",2,Petrol,DL-8C,Gurugram,,Manual,"4,32,000","3,77,000"
Skoda,Rapid,2020,"16,750",Zero,"1,13,946",1,Petrol,HR-26,Gurugram,,Manual,"9,67,000","8,80,000"
Hyundai,i10,2012,"4,497",Zero,"54,346",2,Petrol,HR-10,Delhi,,Manual,"2,48,000","2,30,000"
Honda,CRV,2013,"14,760",Zero,"74,125",2,Petrol,HR-51,Faridabad,2.0,Automatic,"7,93,000","7,55,000"
Honda,City,2015,"12,629",Zero,"76,854",2,CNG,HR-26,Gurugram,1.5,Automatic,"6,61,000","6,46,000"
Maruti,Wagon R 1.0,2015,"5,200",Zero,"94,132",1,CNG,HR-76,Delhi,,Manual,"2,68,000","2,66,000"
Volkswagen,Polo,2012,"4,418",Zero,"59,593",2,Petrol,DL-10,Gurugram,,Manual,"2,39,000","2,26,000"
Tata,Harrier,2019,"25,449",Zero,"52,860",2,Diesel,HR-26,Delhi,,Manual,"14,18,000","13,37,000"
Hyundai,i10,2012,"3,675",Zero,"51,210",1,Petrol,DL-12,Delhi,,Manual,"1,94,000","1,88,000"
Skoda,Rapid,2020,"16,312",Zero,"30,761",1,Petrol,DL-10,Ghaziabad,,Manual,"8,57,000","8,57,000"
Volkswagen,Polo,2017,"8,211",Zero,"60,760",2,Petrol,DL-1C,Noida,,Manual,"4,32,000","4,20,000"
Skoda,Rapid,2016,"9,228",Zero,"66,054",1,Petrol,DL-7C,Noida,1.6,Manual,"4,72,000","4,72,000"
Honda,Jazz,2015,"8,661",Zero,"53,058",1,Petrol,DL-3C,Gurugram,1.2,Automatic,"4,81,000","4,43,000"
Honda,Jazz,2018,"11,163",Zero,"75,402",2,Petrol,HR-51,Noida,1.2,Automatic,"6,61,000","5,71,000"
Maruti,Alto 800,2013,"3,930",Zero,"29,997",2,Petrol,DL-3C,Delhi,,Manual,"2,31,000","2,01,000"
Ford,Ecosport,2016,"9,580",Zero,"32,873",1,Petrol,DL-8C,Gurugram,,Manual,"5,35,000","4,90,000"
KIA,SONET,2020,"20,557",Zero,"30,728",2,Petrol,HR-26,Mori,,Automatic,"11,49,000","10,80,000"
Maruti,Swift,2014,"8,348",Zero,"14,196",2,Petrol,MP-09,Mori,,Manual,"4,27,000","4,27,000"
Tata,Tiago,2019,"9,365",Zero,"1,13,660",1,Diesel,MP-09,Mori,,Manual,"5,16,000","4,79,000"
Maruti,Alto 800,2016,"4,594",Zero,"41,370",3,Petrol,MP-04,Mori,,Manual,"2,80,000","2,35,000"
Datsun,Go,2014,"3,793",Zero,"82,410",1,Petrol,MP-04,Mori,,Manual,"2,08,000","1,94,000"
Datsun,Redi Go,2017,"3,734",Zero,"1,15,401",1,Petrol,MP-04,Mori,,Manual,"2,22,000","1,91,000"
Hyundai,NEW SANTRO,2020,"10,186",Zero,"16,484",1,Petrol,MP-04,Mori,,Manual,"5,73,000","5,21,000"
Hyundai,Elite i20,2018,"9,267",Zero,"56,838",2,Petrol,MP-04,Mori,,Manual,"5,54,000","4,74,000"
Maruti,Wagon R 1.0,2011,"4,027",Zero,"1,10,053",1,Petrol,MP-04,Mori,,Manual,"2,51,000","2,06,000"
Maruti,Wagon R 1.0,2018,"6,803",Zero,"58,181",2,Petrol,MP-04,Mori,,Manual,"4,26,000","3,48,000"
Maruti,Swift,2014,"6,862",Zero,"98,239",1,Petrol,MP-09,Mori,,Manual,"4,32,000","3,51,000"
Nissan,Terrano,2013,"6,960",Zero,"1,00,913",1,Diesel,MP-09,Mori,,Manual,"3,99,000","3,56,000"
Hyundai,i10,2010,"4,086",Zero,"70,706",2,Petrol,MP-04,Mori,,Manual,"2,43,000","2,09,000"
Tata,Tiago,2017,"7,664",Zero,"33,353",2,Petrol,MP-04,Mori,,Manual,"4,41,000","3,92,000"
Datsun,Redi Go,2017,"4,360",Zero,"55,770",1,Petrol,MP-04,Mori,,Manual,"2,39,000","2,23,000"
Maruti,Swift,2016,"7,879",Zero,"97,062",2,Diesel,MP-09,Mori,,Manual,"4,72,000","4,03,000"
Hyundai,Eon,2012,"3,695",Zero,"50,372",1,Petrol,MP-04,Mori,,Manual,"2,25,000","1,89,000"
Maruti,Alto K10,2017,"6,491",Zero,"54,233",1,Petrol,MP-04,Mori,,Manual,"4,02,000","3,32,000"
Maruti,Swift Dzire,2015,"9,071",Zero,"51,273",1,Petrol,MP-09,Mori,,Manual,"5,23,000","4,64,000"
Mahindra,XUV 3OO,2019,"13,881",Zero,"90,586",1,Diesel,MP-09,Mori,4.0,Manual,"8,11,000","7,10,000"
Maruti,Alto K10,2018,"6,452",Zero,"72,531",1,Petrol,MP-04,Mansarovar,,Manual,"3,93,000","3,30,000"
Renault,Kwid,2017,"4,966",Zero,"32,590",1,Petrol,RJ-14,Mansarovar,,Manual,"2,69,000","2,54,000"
Maruti,Alto 800,2014,"4,868",Zero,"26,553",1,Petrol,RJ-14,Mansarovar,,Manual,"2,49,000","2,49,000"
Nissan,MAGNITE,2021,"13,881",Zero,"20,388",1,Petrol,RJ-45,Mansarovar,,Manual,"7,10,000","7,10,000"
Maruti,Ciaz,2015,"10,459",Zero,"99,741",2,Petrol,RJ-14,Mansarovar,,Manual,"5,90,000","5,35,000"
Hyundai,i20,2011,"4,477",Zero,"1,08,687",2,Petrol,RJ-14,Mansarovar,,Manual,"2,29,000","2,29,000"
Hyundai,i10,2010,"3,441",Zero,"72,817",3,Petrol,RJ-14,Mansarovar,,Manual,"1,89,000","1,76,000"
Volkswagen,Polo,2012,"4,927",Zero,"34,644",1,Petrol,RJ-01,Mansarovar,,Manual,"2,65,000","2,52,000"
Volkswagen,Vento,2019,"15,112",Zero,"85,738",1,Diesel,RJ-45,Mansarovar,,Manual,"8,74,000","7,73,000"
Tata,Tiago,2017,"7,527",Zero,"96,703",1,Petrol,RJ-14,Mansarovar,,Manual,"4,09,000","3,85,000"
Maruti,Swift,2014,"8,133",Zero,"74,232",1,Diesel,RJ-14,Mansarovar,,Manual,"4,52,000","4,16,000"
Maruti,Alto 800,2016,"4,868",Zero,"57,826",1,Petrol,RJ-14,Mansarovar,,Manual,"2,86,000","2,49,000"
Mahindra,XUV500,2014,"12,238",Zero,"99,432",1,Diesel,RJ-14,Mansarovar,6.0,Manual,"6,57,000","6,26,000"
Hyundai,Creta,2016,"14,682",Zero,"60,647",2,Petrol,RJ-14,Mansarovar,,Manual,"8,15,000","7,51,000"
Renault,Duster,2012,"6,784",Zero,"1,21,243",2,Diesel,RJ-14,Mansarovar,110.0,Manual,"3,70,000","3,47,000"
Maruti,Swift Dzire,2011,"5,200",Zero,"65,848",1,Diesel,RJ-14,Mansarovar,,Manual,"2,71,000","2,66,000"
Mahindra,BOLERO NEO,2021,"17,226",Zero,"43,902",1,Diesel,RJ-14,Mansarovar,,Manual,"10,25,000","9,05,000"
Renault,Kwid,2015,"4,653",Zero,"45,998",2,Petrol,RJ-14,Mansarovar,,Manual,"2,38,000","2,38,000"
Maruti,Swift,2012,"7,449",Zero,"66,951",1,Petrol,RJ-14,Mansarovar,,Manual,"3,81,000","3,81,000"
Hyundai,Grand i10,2014,"6,295",Zero,"76,164",2,Diesel,RJ-14,Mansarovar,,Manual,"3,53,000","3,22,000"
Maruti,Swift Dzire,2012,"6,862",Zero,"73,172",1,Petrol,RJ-14,Kochi,,Manual,"4,08,000","3,51,000"
Toyota,Corolla Altis,2010,"6,999",Zero,"74,729",2,Petrol,KL-52,Kochi,,Manual,"3,81,000","3,58,000"
Renault,Kwid,2019,"7,077",Zero,"85,963",1,Petrol,KL-52,Kochi,,Manual,"3,77,000","3,62,000"
Volkswagen,Polo,2011,"5,865",Zero,"1,15,475",1,Petrol,KL-01,Kochi,,Manual,"3,00,000","3,00,000"
Ford,Ecosport,2014,"9,365",Zero,"85,817",2,Diesel,KL-45,Kochi,,Manual,"4,79,000","4,79,000"
Maruti,Swift,2016,"10,107",Zero,"39,115",1,Petrol,KL-01,Kochi,,Manual,"5,82,000","5,17,000"
Volkswagen,Polo,2011,"5,239",Zero,"1,02,369",2,Diesel,KL-01,Kochi,,Manual,"2,68,000","2,68,000"
Ford,Ecosport,2017,"11,671",Zero,"73,899",1,Petrol,KL-01,Kochi,,Automatic,"6,46,000","5,97,000"
MG,HECTOR,2019,"26,191",Zero,"24,998",1,Petrol,KL-05,Kochi,,Automatic,"14,92,000","13,76,000"
Maruti,Swift,2011,"5,591",Zero,"1,22,899",2,Petrol,KL-07,Kochi,,Manual,"2,86,000","2,86,000"
Skoda,Rapid,2021,"16,560",Zero,"36,685",1,Petrol,KL-05,Kochi,,Manual,"9,44,000","8,70,000"
Ford,Ecosport,2016,"10,225",Zero,"33,045",1,Petrol,KL-41,Kochi,,Manual,"5,80,000","5,23,000"
Honda,Jazz,2017,"9,912",Zero,"90,779",2,Petrol,KL-01,Kochi,1.2,Manual,"5,38,000","5,07,000"
Maruti,Swift,2010,"5,787",Zero,"90,917",1,Petrol,KL-31,Kochi,,Manual,"3,10,000","2,96,000"
Hyundai,Elite i20,2017,"10,792",Zero,"17,288",1,Petrol,KL-11,Kochi,,Manual,"6,05,000","5,52,000"
Hyundai,Elite i20,2015,"9,404",Zero,"80,592",2,Petrol,KL-08,Kochi,,Manual,"5,05,000","4,81,000"
Mahindra,KUV 100 NXT,2018,"11,965",Zero,"32,163",1,Petrol,KL-35,Kochi,8.0,Manual,"6,60,000","6,12,000"
Mahindra,Thar,2021,"28,113",Zero,"27,496",1,Diesel,KL-44,Kochi,,Manual,"15,60,000","14,77,000"
Maruti,Alto K10,2010,"3,636",Zero,"86,618",1,Petrol,KL-05,Kochi,,Manual,"1,94,000","1,86,000"
Maruti,Alto K10,2015,"5,279",Zero,"1,04,029",1,Petrol,KL-07,Kochi,,Manual,"2,89,000","2,70,000"
Datsun,Go,2017,"4,301",Zero,"81,444",1,Petrol,KL-07,Kolkata,,Manual,"2,26,000","2,20,000"
Maruti,Alto K10,2010,"3,499",Zero,"37,291",2,Petrol,WB-06,Kolkata,,Manual,"1,91,000","1,79,000"
Honda,Amaze,2019,"12,141",Zero,"58,837",1,Petrol,WB-02,Kolkata,1.2,Manual,"6,64,000","6,21,000"
Maruti,Wagon R 1.0,2014,"5,670",Zero,"25,116",2,Petrol,WB-08,Kolkata,,Manual,"3,14,000","2,90,000"
Maruti,Swift,2015,"7,155",Zero,"47,202",1,Petrol,WB-02,Kolkata,,Manual,"3,91,000","3,66,000"
Nissan,Micra Active,2017,"5,455",Zero,"44,639",2,Petrol,WB-02,Kolkata,,Manual,"3,13,000","2,79,000"
Hyundai,Elite i20,2015,"9,247",Zero,"52,981",1,Petrol,WB-02,Kolkata,,Manual,"5,03,000","4,73,000"
Maruti,Wagon R 1.0,2015,"5,591",Zero,"28,131",1,Petrol,WB-02,Kolkata,,Manual,"3,29,000","2,86,000"
Volkswagen,Vento,2012,"5,396",Zero,"93,164",1,Petrol,WB-02,Kolkata,,Manual,"2,88,000","2,76,000"
Maruti,Swift,2018,"10,029",Zero,"32,205",1,Petrol,WB-02,Kolkata,,Manual,"5,78,000","5,13,000"
Maruti,Swift,2010,"3,187",Zero,"71,156",2,Petrol,WB-38,Kolkata,,Manual,"1,83,000","1,63,000"
Datsun,Redi Go,2018,"4,379",Zero,"31,578",2,Petrol,WB-02,Kolkata,,Manual,"2,50,000","2,24,000"
Honda,Brio,2014,"4,594",Zero,"36,920",3,Petrol,WB-06,Kolkata,,Manual,"2,74,000","2,35,000"
Honda,City,2014,"7,273",Zero,"64,787",2,Petrol,WB-02,Kolkata,1.5,Manual,"4,22,000","3,72,000"
Renault,Duster,2014,"6,921",Zero,"57,321",1,Diesel,WB-24,Kolkata,85.0,Manual,"3,68,000","3,54,000"
Renault,Kwid,2020,"7,507",Zero,"19,715",2,Petrol,WB-06,Kolkata,,Manual,"4,35,000","3,84,000"
Honda,City,2014,"6,921",Zero,"1,02,813",1,Diesel,WB-08,Kolkata,1.5,Manual,"3,85,000","3,54,000"
Maruti,Baleno,2017,"8,993",Zero,"61,980",1,Diesel,WB-02,Kolkata,,Manual,"5,22,000","4,60,000"
Ford,Ecosport,2018,"13,196",Zero,"78,113",2,Diesel,WB-44,Kolkata,,Manual,"7,48,000","6,75,000"
Honda,WR-V,2020,"12,395",Zero,"7,281",2,Petrol,WB-26,Lucknow,1.2,Manual,"7,36,000","6,34,000"
Maruti,Swift,2019,"8,778",Zero,"77,042",1,Petrol,WB-20,Lucknow,,Manual,"5,39,000","4,49,000"
Datsun,Redi Go,2018,"5,103",Zero,"12,670",1,Petrol,UP-32,Lucknow,,Manual,"2,78,000","2,61,000"
Mahindra,Bolero,2016,"10,929",Zero,"88,410",1,Diesel,UP-32,Lucknow,,Manual,"5,59,000","5,59,000"
Maruti,Baleno,2016,"7,625",Zero,"91,960",1,Petrol,UP-40,Lucknow,,Manual,"4,30,000","3,90,000"
Mahindra,Thar,2017,"11,632",Zero,"63,510",1,Diesel,UP-16,Lucknow,,Manual,"6,98,000","5,95,000"
Mahindra,XUV500,2016,"11,926",Zero,"1,86,022",1,Diesel,UP-16,Lucknow,6.0,Automatic,"6,34,000","6,10,000"
Maruti,Wagon R 1.0,2017,"6,041",Zero,"57,138",1,Petrol,UP-62,Lucknow,,Manual,"3,53,000","3,09,000"
Hyundai,Grand i10,2015,"5,806",Zero,"1,13,593",2,Diesel,UP-32,Lucknow,,Manual,"3,15,000","2,97,000"
Maruti,Swift,2019,"10,968",Zero,"65,698",1,Petrol,UP-40,Lucknow,,Manual,"6,67,000","5,61,000"
Maruti,New Wagon-R,2020,"8,974",Zero,"67,952",1,Petrol,UP-32,Lucknow,,Manual,"5,29,000","4,59,000"
Skoda,Rapid,2015,"7,234",Zero,"1,00,263",1,Diesel,UP-16,Lucknow,1.5,Manual,"4,22,000","3,70,000"
Hyundai,Elite i20,2017,"9,384",Zero,"64,302",2,Petrol,UP-53,Lucknow,,Manual,"5,89,000","4,80,000"
Nissan,Terrano,2014,"6,764",Zero,"82,146",2,Petrol,UP-32,Lucknow,,Manual,"3,71,000","3,46,000"
Mahindra,Thar,2019,"14,311",Zero,"42,221",1,Diesel,UP-16,Lucknow,,Manual,"8,38,000","7,32,000"
Honda,Amaze,2018,"10,205",Zero,"1,14,510",1,Diesel,UP-32,Lucknow,1.5,Manual,"5,75,000","5,22,000"
Jeep,Compass,2018,"17,549",Zero,"53,759",2,Diesel,UP-66,Lucknow,,Manual,"9,58,000","9,22,000"
Mahindra,XUV500,2018,"17,645",Zero,"57,798",2,Diesel,UP-16,Lucknow,9.0,Manual,"9,90,000","9,27,000"
Maruti,Alto K10,2017,"6,080",Zero,"45,665",1,CNG,UP-32,Lucknow,,Manual,"3,35,000","3,11,000"
Maruti,Swift,2019,"10,166",Zero,"56,907",1,Petrol,UP-53,Lucknow,,Manual,"5,81,000","5,20,000"
Maruti,Wagon R 1.0,2015,"5,513",Zero,"96,555",1,Petrol,UP-70,Mulund,,Manual,"3,10,000","2,82,000"
Maruti,Wagon R 1.0,2012,"4,555",Zero,"41,353",1,Petrol,UP-16,Mulund,,Manual,"2,52,000","2,33,000"
Toyota,Innova Crysta,2017,"30,835",Zero,"92,722",2,Diesel,MH-04,Mulund,2.8,Automatic,"16,47,000","16,20,000"
Hyundai,i20,2011,"5,572",Zero,"28,645",1,Petrol,MH-01,Mulund,,Manual,"2,85,000","2,85,000"
Maruti,Alto 800,2012,"4,418",Zero,"9,808",1,Petrol,MH-02,Mulund,,Manual,"2,39,000","2,26,000"
Hyundai,i10,2011,"5,161",Zero,"26,225",1,Petrol,MH-46,Mulund,,Manual,"2,64,000","2,64,000"
Hyundai,i20,2012,"6,491",Zero,"50,203",1,Petrol,MH-02,Mumbai,,Manual,"3,32,000","3,32,000"
Hyundai,Creta,2019,"17,797",Zero,"56,549",2,Petrol,MH-01,Mulund,,Manual,"9,63,000","9,35,000"
Hyundai,Elite i20,2015,"8,367",Zero,"15,511",2,Petrol,MH-04,Mulund,,Manual,"4,55,000","4,28,000"
Tata,NEXON,2021,"16,845",Zero,"31,679",1,Petrol,MH-03,Mulund,,Manual,"9,08,000","8,85,000"
Maruti,Ertiga,2014,"11,593",Zero,"1,17,308",2,CNG,MH-46,Mulund,,Manual,"6,28,000","5,93,000"
Toyota,Innova,2013,"12,278",Zero,"67,810",4,Diesel,MH-12,Mulund,2.5,Manual,"7,05,000","6,28,000"
Renault,Kwid,2020,"8,407",Zero,"17,652",1,Petrol,MH-46,Mulund,,Manual,"4,49,000","4,30,000"
Maruti,Baleno,2015,"10,323",Zero,"48,130",1,Diesel,MH-03,Mulund,,Manual,"5,49,000","5,28,000"
Hyundai,i20,2013,"6,491",Zero,"51,380",1,Petrol,MH-02,Mumbai,,Manual,"3,58,000","3,32,000"
Hyundai,Elite i20,2016,"11,515",Zero,"82,256",1,Petrol,MH-47,Mulund,,Manual,"6,12,000","5,89,000"
Maruti,Wagon R 1.0,2012,"4,594",Zero,"64,173",2,Petrol,MH-05,Mumbai,,Manual,"2,35,000","2,35,000"
Renault,Duster,2012,"8,387",Zero,"1,15,074",2,Diesel,MH-02,Mumbai,85.0,Manual,"4,42,000","4,29,000"
Hyundai,Verna,2013,"8,309",Zero,"58,529",1,Petrol,MH-46,Mulund,,Manual,"4,41,000","4,25,000"
Volkswagen,Vento,2011,"5,963",Zero,"32,695",3,Petrol,MH-02,Mumbai,,Automatic,"3,05,000","3,05,000"
Maruti,Zen Estilo,2012,"3,793",Zero,"69,120",2,CNG,MH-02,Puram,,Manual,"1,99,000","1,94,000"
Hyundai,i10,2011,"3,695",Zero,"30,854",2,Petrol,MH-04,Puram,,Manual,"1,94,000","1,89,000"
Maruti,Wagon R 1.0,2017,"7,527",Zero,"51,424",1,CNG,UP-80,Puram,,Manual,"3,85,000","3,85,000"
Maruti,Swift Dzire,2014,"7,292",Zero,"55,756",2,Petrol,UP-80,Puram,,Manual,"3,87,000","3,73,000"
Maruti,Alto 800,2015,"3,910",Zero,"72,796",1,Petrol,UP-80,Puram,,Manual,"2,19,000","2,00,000"
Tata,Tiago,2018,"8,348",Zero,"40,296",2,Petrol,UP-80,Puram,,Manual,"4,39,000","4,27,000"
Maruti,Wagon R 1.0,2013,"5,024",Zero,"87,208",1,Petrol,UP-85,Puram,,Manual,"2,57,000","2,57,000"
Maruti,Vitara Brezza,2017,"12,962",Zero,"1,20,160",1,Diesel,UP-80,Puram,,Manual,"6,68,000","6,63,000"
Maruti,IGNIS,2018,"7,566",Zero,"1,23,617",1,Petrol,UP-80,Puram,,Manual,"4,16,000","3,87,000"
Hyundai,i10,2011,"3,558",Zero,"40,596",1,Petrol,UP-80,Puram,,Manual,"1,82,000","1,82,000"
Renault,Kwid,2018,"6,764",Zero,"31,124",2,Petrol,UP-15,Puram,,Automatic,"3,46,000","3,46,000"
Hyundai,Verna,2019,"16,236",Zero,"42,190",1,Petrol,UP-80,Puram,1.6,Manual,"8,72,000","8,53,000"
Maruti,Ertiga,2013,"8,289",Zero,"1,15,919",3,Diesel,UP-85,Puram,,Manual,"4,24,000","4,24,000"
Maruti,Swift,2018,"10,733",Zero,"1,11,670",1,Petrol,UP-85,Puram,,Automatic,"5,49,000","5,49,000"
Maruti,Ciaz,2018,"12,981",Zero,"98,779",1,Diesel,UP-85,Puram,,Manual,"6,64,000","6,64,000"
Hyundai,Elite i20,2017,"10,929",Zero,"53,348",1,Petrol,UP-80,Puram,,Manual,"5,85,000","5,59,000"
Maruti,Baleno,2019,"11,730",Zero,"29,679",1,Petrol,UP-14,Puram,,Manual,"7,12,000","6,00,000"
Honda,City,2013,"7,175",Zero,"37,480",1,Petrol,UP-85,Puram,1.5,Manual,"3,73,000","3,67,000"
Hyundai,GRAND I10 NIOS,2019,"9,169",Zero,"42,299",2,Petrol,UP-15,Puram,,Manual,"5,99,000","4,69,000"
Hyundai,i20,2014,"6,354",Zero,"90,360",2,Diesel,UP-80,Puram,,Manual,"3,25,000","3,25,000"
Hyundai,Elite i20,2015,"9,149",Zero,"51,837",2,Petrol,UP-80,Chandigarh,,Manual,"4,74,000","4,68,000"
Maruti,S PRESSO,2021,"7,116",Zero,"34,978",1,Petrol,UP-80,Chandigarh,,Manual,"4,57,000","3,64,000"
Mahindra,XUV500,2014,"8,367",Zero,"93,616",2,Diesel,PB-65,Chandigarh,4.0,Manual,"4,28,000","4,28,000"
Maruti,New Wagon-R,2021,"10,420",Zero,"42,925",1,CNG,HR-87,Chandigarh,,Manual,"5,88,000","5,33,000"
Maruti,S Cross,2020,"16,198",Zero,"5,647",1,Petrol,PB-08,Chandigarh,,Manual,"9,86,000","8,51,000"
Hyundai,i10,2010,"3,402",Zero,"80,595",1,Petrol,CH-01,Chandigarh,,Manual,"1,80,000","1,74,000"
Mahindra,Bolero,2013,"7,527",Zero,"83,483",2,Diesel,HR-03,Chandigarh,,Manual,"4,48,000","3,85,000"
Skoda,Rapid,2020,"12,747",Zero,"45,177",2,Petrol,PB-02,Ludhiana,,Manual,"7,93,000","6,52,000"
Hyundai,VENUE,2021,"15,366",Zero,"11,584",1,Petrol,CH-01,Chandigarh,,Manual,"7,91,000","7,86,000"
Renault,Kwid,2016,"5,572",Zero,"26,746",1,Petrol,PB-10,Chandigarh,,Manual,"2,85,000","2,85,000"
Maruti,Swift,2014,"6,452",Zero,"78,352",2,Diesel,HR-29,Chandigarh,,Manual,"4,00,000","3,30,000"
Maruti,Swift,2010,"4,281",Zero,"83,036",1,Petrol,CH-01,Chandigarh,,Manual,"2,47,000","2,19,000"
Volkswagen,Polo,2020,"9,756",Zero,"45,322",1,Petrol,HR-02,Ludhiana,,Manual,"5,95,000","4,99,000"
Maruti,Alto K10,2015,"4,782",Zero,"46,785",2,Petrol,PB-09,Chandigarh,,Manual,"2,76,000","2,44,600"
Maruti,Swift,2017,"9,521",Zero,"75,765",1,Diesel,PB-06,Chandigarh,,Manual,"5,07,000","4,87,000"
Honda,City,2015,"8,876",Zero,"85,163",3,Diesel,PB-10,Chandigarh,1.5,Manual,"4,88,000","4,54,000"
Maruti,IGNIS,2022,"9,971",Zero,"6,019",1,Petrol,PB-08,Chandigarh,,Manual,"5,63,000","5,10,000"
Maruti,Baleno,2017,"9,189",Zero,"88,881",1,Petrol,HR-03,Ludhiana,,Automatic,"5,42,000","4,70,000"
Maruti,Swift,2014,"7,116",Zero,"43,370",2,Diesel,HR-77,Chandigarh,,Manual,"4,49,000","3,64,000"
Datsun,Redi Go,2017,"4,164",Zero,"29,220",1,Petrol,PB-10,Chandigarh,,Manual,"2,13,000","2,13,000"
Tata,TIGOR,2017,"7,605",Zero,"73,344",2,Petrol,PB-09,Chandigarh,,Manual,"4,49,000","3,89,000"
Maruti,Baleno,2015,"7,234",Zero,"52,311",1,Diesel,HR-51,Chandigarh,,Manual,"4,47,000","3,70,000"
Mahindra,XUV500,2014,"8,367",Zero,"93,616",2,Diesel,PB-65,Chandigarh,4.0,Manual,"4,28,000","4,28,000"
Maruti,New Wagon-R,2021,"10,420",Zero,"42,925",1,CNG,HR-87,Chandigarh,,Manual,"5,88,000","5,33,000"
Maruti,S Cross,2020,"16,198",Zero,"5,647",1,Petrol,PB-08,Chandigarh,,Manual,"9,86,000","8,51,000"
Hyundai,i10,2010,"3,402",Zero,"80,595",1,Petrol,CH-01,Ludhiana,,Manual,"1,80,000","1,74,000"
Mahindra,Bolero,2013,"7,527",Zero,"83,483",2,Diesel,HR-03,Ludhiana,,Manual,"4,48,000","3,85,000"
Renault,Kwid,2016,"5,572",Zero,"26,746",1,Petrol,PB-10,Ludhiana,,Manual,"2,85,000","2,85,000"
Maruti,Swift,2017,"9,521",Zero,"75,765",1,Diesel,PB-06,Ludhiana,,Manual,"5,07,000","4,87,000"
Datsun,Redi Go,2017,"4,164",Zero,"29,220",1,Petrol,PB-10,Ludhiana,,Manual,"2,13,000","2,13,000"
Hyundai,NEW I20,2022,"13,626",Zero,"33,567",1,Petrol,PB-10,Rohtak,,Manual,"7,78,000","6,97,000"
Hyundai,Verna,2018,"16,236",Zero,"63,537",2,Diesel,PB-23,Rohtak,1.6,Manual,"8,78,000","8,53,000"
Renault,Kwid,2020,"7,546",Zero,"56,988",1,Petrol,HR-29,Rohtak,,Manual,"4,21,000","3,86,000"
Hyundai,i20,2010,"3,539",Zero,"62,380",1,Petrol,HR-26,Rohtak,,Manual,"1,92,000","1,81,000"
Honda,Amaze,2014,"6,647",Zero,"85,672",1,Petrol,HR-26,Rohtak,1.2,Manual,"3,82,000","3,40,000"
Maruti,Wagon R 1.0,2018,"7,351",Zero,"78,642",1,CNG,HR-51,Delhi,,Manual,"3,98,000","3,76,000"
Maruti,Baleno,2020,"11,613",Zero,"24,356",1,Petrol,HR-13,Delhi,,Manual,"6,59,000","5,94,000"
Maruti,Wagon R 1.0,2010,"3,695",Zero,"59,180",1,Petrol,HR-26,Delhi,,Manual,"1,89,000","1,89,000"
Renault,Kwid,2017,"4,790",Zero,"67,522",3,Petrol,DL-8C,Delhi,,Automatic,"2,59,000","2,45,000"
Honda,Amaze,2019,"12,238",Zero,"30,257",1,Petrol,HR-29,Delhi,1.2,Manual,"6,69,000","6,26,000"
Honda,City,2010,"3,421",Zero,"1,14,653",1,Petrol,DL-9C,Ghaziabad,1.5,Manual,"1,90,000","1,75,000"
Hyundai,Creta,2016,"14,643",Zero,"85,035",1,CNG,HR-26,Ghaziabad,,Manual,"7,49,000","7,49,000"
Hyundai,i20,2012,"4,731",Zero,"56,618",2,Petrol,DL-8C,Ghaziabad,,Manual,"2,86,000","2,42,000"
Renault,Kwid,2018,"5,846",Zero,"65,927",1,Petrol,UP-14,Ghaziabad,,Automatic,"3,16,000","2,99,000"
Honda,Jazz,2016,"9,110",Zero,"74,678",1,Petrol,UP-16,Ghaziabad,1.2,Automatic,"4,84,000","4,66,000"
Renault,Kwid,2018,"5,943",Zero,"40,956",1,CNG,DL-8C,Chandigarh,,Manual,"3,04,000","3,04,000"
Maruti,Celerio,2018,"8,485",Zero,"38,117",1,CNG,DL-8C,Chandigarh,,Manual,"4,49,000","4,34,000"
Mahindra,XUV500,2014,"8,367",Zero,"93,616",2,Diesel,PB-65,Chandigarh,4.0,Manual,"4,28,000","4,28,000"
Maruti,New Wagon-R,2021,"10,420",Zero,"42,925",1,CNG,HR-87,Chandigarh,,Manual,"5,88,000","5,33,000"
Maruti,S Cross,2020,"16,198",Zero,"5,647",1,Petrol,PB-08,Chandigarh,,Manual,"9,86,000","8,51,000"
Hyundai,i10,2010,"3,402",Zero,"80,595",1,Petrol,CH-01,Chandigarh,,Manual,"1,80,000","1,74,000"
Mahindra,Bolero,2013,"7,527",Zero,"83,483",2,Diesel,HR-03,Chandigarh,,Manual,"4,48,000","3,85,000"
Skoda,Rapid,2020,"12,747",Zero,"45,177",2,Petrol,PB-02,Ludhiana,,Manual,"7,93,000","6,52,000"
Hyundai,VENUE,2021,"15,366",Zero,"11,584",1,Petrol,CH-01,Chandigarh,,Manual,"7,91,000","7,86,000"
Renault,Kwid,2016,"5,572",Zero,"26,746",1,Petrol,PB-10,Chandigarh,,Manual,"2,85,000","2,85,000"
Maruti,Swift,2014,"6,452",Zero,"78,352",2,Diesel,HR-29,Chandigarh,,Manual,"4,00,000","3,30,000"
Maruti,Swift,2010,"4,281",Zero,"83,036",1,Petrol,CH-01,Chandigarh,,Manual,"2,47,000","2,19,000"
Volkswagen,Polo,2020,"9,756",Zero,"45,322",1,Petrol,HR-02,Ludhiana,,Manual,"5,95,000","4,99,000"
Maruti,Alto K10,2015,"4,782",Zero,"46,785",2,Petrol,PB-09,Chandigarh,,Manual,"2,76,000","2,44,600"
Maruti,Swift,2017,"9,521",Zero,"75,765",1,Diesel,PB-06,Chandigarh,,Manual,"5,07,000","4,87,000"
Honda,City,2015,"8,876",Zero,"85,163",3,Diesel,PB-10,Chandigarh,1.5,Manual,"4,88,000","4,54,000"
Maruti,IGNIS,2022,"9,971",Zero,"6,019",1,Petrol,PB-08,Chandigarh,,Manual,"5,63,000","5,10,000"
Maruti,Baleno,2017,"9,189",Zero,"88,881",1,Petrol,HR-03,Ludhiana,,Automatic,"5,42,000","4,70,000"
Maruti,Swift,2014,"7,116",Zero,"43,370",2,Diesel,HR-77,Chandigarh,,Manual,"4,49,000","3,64,000"
Datsun,Redi Go,2017,"4,164",Zero,"29,220",1,Petrol,PB-10,Chandigarh,,Manual,"2,13,000","2,13,000"
Tata,TIGOR,2017,"7,605",Zero,"73,344",2,Petrol,PB-09,Nagpur,,Manual,"4,49,000","3,89,000"
Maruti,Baleno,2015,"7,234",Zero,"52,311",1,Diesel,HR-51,Nagpur,,Manual,"4,47,000","3,70,000"
Tata,Tiago,2018,"8,954",Zero,"29,515",1,Petrol,MH-02,Nagpur,,Automatic,"5,19,000","4,58,000"
Tata,Tiago,2018,"8,446",Zero,1,1,Petrol,MH-03,Nagpur,,Automatic,"4,95,000","4,32,000"
Hyundai,Verna,2013,"8,289",Zero,"1,22,604",2,Diesel,MH-49,Nagpur,,Manual,"4,81,000","4,24,000"
Volkswagen,Ameo,2017,"8,172",Zero,"50,849",2,Petrol,MH-31,Nagpur,,Manual,"4,60,000","4,18,000"
Hyundai,i10,2010,"3,073",Zero,"91,220",3,Petrol,MH-01,Nagpur,,Manual,"1,76,000","1,57,200"
Honda,Brio,2011,"3,695",Zero,"1,15,608",2,Petrol,MH-31,Nagpur,,Manual,"1,89,000","1,89,000"
Mahindra,XUV 3OO,2019,"16,864",Zero,"84,242",1,Diesel,MH-49,Nagpur,6.0,Manual,"8,86,000","8,86,000"
Volkswagen,Polo,2019,"9,384",Zero,"56,980",2,Petrol,MH-31,Nagpur,,Manual,"5,65,000","4,80,000"
Renault,Kwid,2018,"5,533",Zero,"1,18,789",1,Petrol,MH-27,Nagpur,,Manual,"3,16,000","2,83,000"
Hyundai,i10,2012,"4,399",Zero,"56,288",1,Petrol,MH-02,Nagpur,,Manual,"2,62,000","2,25,000"
Datsun,Go Plus,2018,"6,608",Zero,"15,832",1,Petrol,MH-48,Nagpur,,Manual,"3,92,000","3,38,000"
Toyota,Etios Liva,2011,"4,829",Zero,1,1,Petrol,MH-02,Nagpur,,Manual,"2,81,000","2,47,000"
Honda,Amaze,2014,"5,943",Zero,"60,366",1,Petrol,MH-02,Nagpur,1.2,Manual,"3,40,000","3,04,000"
Maruti,Swift Dzire,2012,"6,901",Zero,"49,403",2,Petrol,MH-31,Nagpur,,Manual,"4,12,000","3,53,000"
Maruti,Wagon R 1.0,2015,"5,670",Zero,"74,447",1,Petrol,MH-49,Nagpur,,Manual,"3,20,000","2,90,000"
Maruti,Swift,2019,"9,931",Zero,"71,735",2,CNG,MH-46,Nagpur,,Manual,"6,11,000","5,08,000"
Mahindra,KUV 100 NXT,2018,"9,990",Zero,"23,053",1,Petrol,MH-05,Nagpur,8.0,Manual,"5,85,000","5,11,000"
Maruti,Alto K10,2012,"3,304",Zero,"96,133",2,Petrol,MH-31,Nagpur,,Manual,"1,92,000","1,69,000"
Hyundai,Verna,2016,"9,873",Zero,"58,781",1,Petrol,MH-49,Patna,,Manual,"5,42,000","5,05,000"
Maruti,Alto 800,2012,"3,871",Zero,"59,340",1,Petrol,MH-49,Patna,,Manual,"2,03,000","1,98,000"
Mahindra,Scorpio,2015,"15,073",Zero,"73,036",3,Diesel,BR-01,Patna,10.0,Manual,"8,47,000","7,71,000"
KIA,CARENS,2022,"19,186",Zero,"12,036",1,Petrol,BR-01,Patna,,Manual,"10,86,000","10,08,000"
Hyundai,Creta,2016,"15,249",Zero,"71,348",1,Diesel,BR-06,Patna,,Manual,"8,09,000","7,80,000"
Honda,City,2013,"5,709",Zero,"54,101",3,Petrol,BR-01,Patna,1.5,Manual,"3,16,000","2,92,000"
Renault,Kwid,2016,"4,262",Zero,"68,292",1,Petrol,BR-01,Patna,,Manual,"2,27,000","2,18,000"
Tata,Tiago,2017,"6,784",Zero,"80,310",1,Petrol,BR-01,Patna,,Manual,"3,74,000","3,47,000"
Ford,Ecosport,2015,"6,745",Zero,"60,071",3,Petrol,BR-01,Patna,,Manual,"3,80,000","3,45,000"
Tata,Tiago,2018,"7,327",Zero,"54,579",1,Petrol,BR-01,Patna,,Manual,"3,74,800","3,74,800"
Hyundai,Santro Xing,2011,"2,620",Zero,"94,852",1,Petrol,BR-01,Patna,,Manual,"1,62,000","1,34,000"
Mahindra,Bolero,2020,"14,115",Zero,"60,846",1,Diesel,BR-53,Patna,6.0,Manual,"8,40,000","7,22,000"
Mahindra,Scorpio,2015,"15,608",Zero,"56,298",2,Diesel,BR-06,Patna,10.0,Manual,"8,96,000","8,20,000"
Tata,ALTROZ,2021,"12,317",Zero,"6,270",1,Petrol,BR-01,Patna,,Manual,"6,30,000","6,30,000"
Renault,Kwid,2019,"5,357",Zero,"46,274",1,Petrol,BR-01,Patna,,Manual,"2,98,000","2,74,000"
Mahindra,XUV500,2014,"11,163",Zero,"97,962",1,Diesel,BR-01,Patna,6.0,Manual,"6,13,000","5,71,000"
Maruti,Vitara Brezza,2016,"11,320",Zero,"88,581",1,Diesel,BR-01,Patna,,Manual,"6,49,000","5,79,000"
Hyundai,Eon,2013,"3,695",Zero,"56,780",2,Petrol,BR-01,Patna,,Manual,"2,07,000","1,89,000"
Maruti,Dzire,2019,"11,359",Zero,"38,183",1,Petrol,BR-01,Patna,,Manual,"6,51,000","5,81,000"
Renault,Duster,2014,"7,605",Zero,"66,377",1,Diesel,BR-01,Patna,110.0,Manual,"4,52,000","3,89,000"
Hyundai,NEW I20,2022,"13,959",Zero,"14,647",1,Petrol,BR-01,Rajkot,,Manual,"8,20,000","7,14,000"
Maruti,Swift Dzire,2013,"6,823",Zero,"61,261",2,Diesel,BR-01,Rajkot,,Manual,"3,81,000","3,49,000"
Datsun,Redi Go,2016,"3,832",Zero,"51,147",2,Petrol,GJ-04,Rajkot,,Manual,"1,96,000","1,96,000"
Maruti,Eeco,2018,"8,758",Zero,"89,933",1,CNG,GJ-03,Rajkot,5.0,Manual,"4,73,000","4,48,000"
Maruti,Swift,2012,"6,725",Zero,"1,00,448",2,Diesel,GJ-03,Rajkot,,Manual,"3,58,000","3,44,000"
Hyundai,VENUE,2021,"15,015",Zero,"24,897",2,Petrol,GJ-04,Rajkot,,Manual,"7,68,000","7,68,000"
Maruti,Ciaz,2018,"13,587",Zero,"43,865",2,Diesel,GJ-06,Rajkot,,Manual,"7,88,000","6,95,000"
Mahindra,XUV 3OO,2019,"15,456",Zero,"1,16,573",1,Diesel,GJ-03,Rajkot,8.0,Manual,"8,35,000","8,12,000"
Maruti,Ertiga,2018,"15,646",Zero,"65,452",1,Diesel,GJ-03,Rajkot,,Manual,"8,22,000","8,22,000"
Honda,City,2014,"8,504",Zero,"80,664",3,Diesel,GJ-03,Rajkot,1.5,Manual,"4,44,000","4,35,000"
Hyundai,Elite i20,2019,"12,414",Zero,"28,636",1,Petrol,GJ-03,Rajkot,,Manual,"6,35,000","6,35,000"
Ford,Ecosport,2017,"10,518",Zero,"80,062",1,Diesel,GJ-36,Rajkot,,Manual,"5,67,000","5,38,000"
Hyundai,Elite i20,2018,"11,320",Zero,"71,511",1,Petrol,GJ-03,Rajkot,,Manual,"5,79,000","5,79,000"
Maruti,Swift,2020,"12,141",Zero,"43,972",1,Petrol,GJ-18,Rajkot,,Manual,"6,21,000","6,21,000"
Hyundai,i10,2013,"4,751",Zero,"72,719",2,Petrol,GJ-02,Rajkot,,Manual,"2,48,000","2,43,000"
Nissan,MAGNITE,2022,"12,414",Zero,"40,894",1,Petrol,GJ-36,Rajkot,,Manual,"6,61,000","6,35,000"
Maruti,Alto,2019,"6,432",Zero,"19,070",1,Petrol,GJ-03,Rajkot,,Manual,"3,29,000","3,29,000"
Maruti,Swift,2020,"12,297",Zero,"80,561",1,Petrol,GJ-37,Rajkot,,Manual,"6,29,000","6,29,000"
Honda,Jazz,2017,"10,674",Zero,"78,389",1,Petrol,GJ-04,Rajkot,1.2,Manual,"5,62,000","5,46,000"
Maruti,Alto K10,2017,"5,943",Zero,"75,740",2,Petrol,GJ-03,Rajkot,,Manual,"3,12,000","3,04,000"
Maruti,Ertiga,2016,"13,959",Zero,"97,166",1,Diesel,GJ-36,Faridabad,,Manual,"7,48,000","7,14,000"
Volkswagen,Polo,2015,"7,429",Zero,"99,559",1,Petrol,GJ-03,Rohtak,,Manual,"4,03,000","3,80,000"
Hyundai,NEW SANTRO,2019,"10,557",Zero,"71,016",1,CNG,HR-29,Faridabad,,Manual,"5,52,000","5,40,000"
Renault,Kwid,2020,"7,546",Zero,"56,988",1,Petrol,HR-29,Rohtak,,Manual,"4,21,000","3,86,000"
Renault,Kwid,2017,"7,175",Zero,"35,592",1,Petrol,HR-26,Faridabad,,Automatic,"3,86,000","3,67,000"
Hyundai,i20,2010,"3,539",Zero,"62,380",1,Petrol,HR-26,Faridabad,,Manual,"1,92,000","1,81,000"
Honda,City,2011,"5,494",Zero,"71,596",1,Petrol,HR-26,Rohtak,1.5,Manual,"2,81,000","2,81,000"
Maruti,Baleno,2016,"8,641",Zero,"63,367",1,Petrol,HR-26,Faridabad,,Manual,"4,59,000","4,42,000"
Honda,Amaze,2014,"6,647",Zero,"85,672",1,Petrol,HR-26,Faridabad,1.2,Manual,"3,82,000","3,40,000"
Maruti,Wagon R 1.0,2017,"7,742",Zero,"40,232",1,CNG,HR-51,Rohtak,,Manual,"3,96,000","3,96,000"
Maruti,Vitara Brezza,2019,"15,380",Zero,"1,02,511",1,Diesel,HR-52,Rohtak,,Manual,"8,78,000","8,08,000"
Maruti,Wagon R 1.0,2018,"7,351",Zero,"78,642",1,CNG,HR-51,Faridabad,,Manual,"3,98,000","3,76,000"
Maruti,Baleno,2020,"11,613",Zero,"24,356",1,Petrol,HR-13,Faridabad,,Manual,"6,59,000","5,94,000"
Maruti,Swift Dzire,2019,"11,222",Zero,"67,441",1,Diesel,HR-81,Faridabad,,Manual,"6,23,000","5,74,000"
Renault,TRIBER,2019,"10,010",Zero,"58,595",1,CNG,HR-79,Faridabad,,Manual,"5,27,000","5,12,000"
KIA,SELTOS,2021,"19,053",Zero,"35,761",2,Petrol,HR-16,Rohtak,,Manual,"10,28,000","10,01,000"
Maruti,Swift Dzire,2015,"7,429",Zero,"89,917",1,Petrol,HR-26,Rohtak,,Manual,"4,18,000","3,80,000"
Maruti,Celerio,2020,"9,509",Zero,"58,860",1,CNG,HR-26,Faridabad,,Manual,"5,21,000","4,86,400"
Maruti,Celerio,2017,"7,253",Zero,"1,17,957",2,CNG,HR-30,Faridabad,,Manual,"3,85,000","3,71,000"
Maruti,Alto 800,2018,"5,650",Zero,"67,680",1,CNG,HR-35,Rohtak,,Manual,"3,05,000","2,89,000"
Maruti,Swift,2014,"6,491",Zero,"94,953",2,Diesel,HR-26,Surat,,Manual,"3,73,000","3,32,000"
Volkswagen,Ameo,2019,"10,850",Zero,"45,257",1,Diesel,HR-51,Surat,,Manual,"6,27,000","5,55,000"
Honda,WR-V,2017,"13,783",Zero,"38,969",1,Petrol,GJ-05,Surat,1.2,Manual,"7,92,000","7,05,000"
Renault,Kwid,2019,"5,689",Zero,"63,091",1,Petrol,GJ-05,Surat,,Manual,"3,05,000","2,91,000"
Renault,Kwid,2016,"4,106",Zero,"53,168",1,Petrol,GJ-05,Surat,,Manual,"2,24,000","2,10,000"
Maruti,Eeco,2016,"7,390",Zero,"77,551",3,CNG,GJ-05,Surat,5.0,Manual,"3,90,000","3,78,000"
Renault,TRIBER,2019,"10,577",Zero,"46,977",2,CNG,GJ-05,Surat,,Manual,"6,31,000","5,41,000"
Honda,City,2011,"6,315",Zero,"48,053",1,Petrol,GJ-05,Surat,1.5,Manual,"3,38,000","3,23,000"
Maruti,Wagon R 1.0,2016,"6,745",Zero,"87,405",1,Petrol,GJ-05,Surat,,Manual,"3,45,000","3,45,000"
Maruti,Alto 800,2016,"4,555",Zero,"46,671",1,Petrol,GJ-10,Surat,,Manual,"2,76,000","2,33,000"
Hyundai,i20,2013,"6,491",Zero,"96,121",2,CNG,GJ-27,Surat,,Manual,"3,47,000","3,32,000"
Hyundai,i10,2012,"4,399",Zero,"59,322",3,Petrol,GJ-21,Surat,,Manual,"2,95,000","2,25,000"
Honda,Amaze,2015,"8,016",Zero,"13,890",1,Petrol,GJ-05,Surat,1.2,Manual,"4,59,000","4,10,000"
Maruti,Alto 800,2017,"4,888",Zero,"73,186",1,Petrol,GJ-15,Surat,,Manual,"3,13,000","2,50,000"
Honda,City,2014,"8,299",Zero,"94,591",1,Diesel,GJ-05,Surat,1.5,Manual,"5,07,000","4,24,500"
Volkswagen,Polo,2018,"9,169",Zero,"63,221",2,Petrol,GJ-05,Surat,,Manual,"5,62,000","4,69,000"
Datsun,Go,2018,"4,907",Zero,"21,714",1,Petrol,GJ-05,Surat,,Manual,"3,24,000","2,51,000"
Honda,Amaze,2019,"9,951",Zero,"63,872",2,Petrol,GJ-19,Surat,1.2,Manual,"6,10,000","5,09,000"
Nissan,MAGNITE,2021,"15,288",Zero,"16,927",2,Petrol,GJ-05,Surat,,Automatic,"8,97,000","7,82,000"
Maruti,Swift,2012,"6,002",Zero,"81,625",3,Petrol,GJ-05,Surat,,Manual,"3,64,000","3,07,000"
Hyundai,Grand i10,2014,"6,452",Zero,"47,927",2,Petrol,GJ-06,Vadodara,,Manual,"3,87,000","3,30,000"
Hyundai,i10,2012,"4,047",Zero,"91,518",2,CNG,GJ-05,Vadodara,,Manual,"2,34,000","2,07,000"
Tata,Tiago,2016,"6,452",Zero,"67,880",1,Petrol,GJ-06,Vadodara,,Manual,"3,39,000","3,30,000"
Maruti,Alto 800,2015,"4,281",Zero,"1,00,249",1,CNG,GJ-35,Vadodara,,Manual,"2,19,000","2,19,000"
Renault,Duster,2017,"11,241",Zero,"56,249",2,Diesel,GJ-06,Vadodara,85.0,Manual,"5,92,000","5,75,000"
Maruti,Wagon R 1.0,2012,"5,220",Zero,"1,12,434",1,CNG,GJ-06,Vadodara,,Manual,"2,67,000","2,67,000"
Hyundai,Verna,2015,"10,714",Zero,"95,537",1,Petrol,GJ-06,Vadodara,,Manual,"5,48,000","5,48,000"
Honda,City,2014,"9,873",Zero,"76,800",2,CNG,GJ-26,Vadodara,,Manual,"5,99,000","5,05,000"
Hyundai,Creta,2020,"31,463",Zero,"37,895",1,Petrol,GJ-23,Vadodara,,Automatic,"17,22,000","16,53,000"
Renault,Kwid,2018,"6,784",Zero,"29,362",1,Petrol,GJ-06,Vadodara,,Manual,"3,47,000","3,47,000"
Honda,City,2014,"9,658",Zero,"97,135",1,Diesel,GJ-06,Vadodara,1.5,Manual,"4,94,000","4,94,000"
Maruti,Alto 800,2012,"4,184",Zero,"58,638",2,Petrol,GJ-06,Vadodara,,Manual,"2,14,000","2,14,000"
Hyundai,Eon,2017,"5,814",Zero,"86,053",1,Petrol,GJ-27,Vadodara,,Manual,"2,97,400","2,97,400"
KIA,SELTOS,2021,"26,534",Zero,"39,379",2,Petrol,GJ-06,Vadodara,,Automatic,"14,55,000","13,94,000"
Hyundai,GRAND I10 NIOS,2022,"14,526",Zero,"6,818",1,CNG,GJ-06,Vadodara,,Manual,"7,43,000","7,43,000"
Maruti,Alto 800,2015,"4,418",Zero,"86,320",1,Petrol,GJ-06,Vadodara,,Manual,"2,26,000","2,26,000"
Hyundai,i10,2010,"4,399",Zero,"85,282",2,Petrol,GJ-06,Vadodara,,Manual,"2,25,000","2,25,000"
Maruti,Zen Estilo,2010,"3,675",Zero,"54,715",1,Petrol,GJ-06,Vadodara,,Manual,"1,88,000","1,88,000"
Maruti,Baleno,2017,"11,437",Zero,"61,465",1,Petrol,GJ-06,Vadodara,,Manual,"5,85,000","5,85,000"
Hyundai,Elite i20,2016,"11,007",Zero,"71,293",2,Petrol,GJ-01,Vadodara,,Manual,"5,76,000","5,63,000"
Maruti,Alto 800,2014,"4,692",Zero,"46,430",2,Petrol,GJ-06,Hyderabad,,Manual,"2,40,000","2,40,000"
Tata,TIGOR,2022,"14,878",Zero,"7,596",1,CNG,GJ-06,Hyderabad,,Manual,"7,61,000","7,61,000"
